"dataset_id","asset_alias","sha256","bytes","width","height","aspect_ratio","visual_group","group_review_status","proposed_split","intended_placement","aesthetic_reference","human_realism_score","photography_realism_score","material_realism_score","product_prominence_score","selling_point_clarity_score","promotion_hierarchy_score","information_legibility_score","click_motivation_score","channel_placement_fit_score","overall_score","human_decision","reviewer_id","review_status","model_exposure_status"
"xiaoyu","xiaoyu/7452ffee01384a3c.jpg","7452ffee01384a3c5b9e0b62f53a017409a0994c5df2df6c9f80a7181d134c04","4829730","4408","6613","0.6666","SG-02","HUMAN_VISUAL_REVIEW_V0.2","CALIBRATION_REVIEW","LIFESTYLE_CAMPAIGN","YES_USER_CONFIRMED","94","92","90","92","88","NOT_APPLICABLE","NOT_APPLICABLE","90","92","90","PASS","EXTERNAL_REVIEWER_INVESTOR_PROXY","COMPLETED","NOT_EXPOSED"
"xiaoyu","xiaoyu/f7d74b5ae70802a0.jpg","f7d74b5ae70802a023ea834eb74757d37a56a73862952e5fc139966241e67a0e","3513231","4551","6827","0.6666","SG-02","HUMAN_VISUAL_REVIEW_V0.2","CALIBRATION_REVIEW","LIFESTYLE_CAMPAIGN","YES_USER_CONFIRMED","93","91","90","90","86","NOT_APPLICABLE","NOT_APPLICABLE","88","91","89","PASS","EXTERNAL_REVIEWER_INVESTOR_PROXY","COMPLETED","NOT_EXPOSED"
"xiaoyu","xiaoyu/48e8c6f22e06840e.jpg","48e8c6f22e06840e7b1bc4c790cd474bad91d0643a4cb70bf8ec336cb4277272","2663819","4408","6613","0.6666","SG-02","HUMAN_VISUAL_REVIEW_V0.2","CALIBRATION_REVIEW","LIFESTYLE_CAMPAIGN","YES_USER_CONFIRMED","94","92","89","92","90","NOT_APPLICABLE","NOT_APPLICABLE","91","92","91","PASS","EXTERNAL_REVIEWER_INVESTOR_PROXY","COMPLETED","NOT_EXPOSED"
"xiaoyu","xiaoyu/971b1e0dec20de7c.jpg","971b1e0dec20de7ce0b4e2a637bc53cb0d653660e8d9ad8b73c7ff8acdc083b7","2544186","4716","7074","0.6667","SG-02","HUMAN_VISUAL_REVIEW_V0.2","CALIBRATION_REVIEW","LIFESTYLE_CAMPAIGN","YES_USER_CONFIRMED","93","91","89","90","88","NOT_APPLICABLE","NOT_APPLICABLE","89","90","89","PASS","EXTERNAL_REVIEWER_INVESTOR_PROXY","COMPLETED","NOT_EXPOSED"
"xiaoyu","xiaoyu/ecec16fd33eb390a.jpg","ecec16fd33eb390a31e74ee75e1fd3d0a7c6b620226a5b4af63368f78e6cf182","7599724","4551","6827","0.6666","SG-02","HUMAN_VISUAL_REVIEW_V0.2","CALIBRATION_REVIEW","LIFESTYLE_CAMPAIGN","YES_USER_CONFIRMED","92","89","88","88","85","NOT_APPLICABLE","NOT_APPLICABLE","84","88","85","PASS","EXTERNAL_REVIEWER_INVESTOR_PROXY","COMPLETED","NOT_EXPOSED"
"xiaoyu","xiaoyu/5bd6eecc7d2f09ab.jpg","5bd6eecc7d2f09abb5c94cec4e14c40b275c9606bb7fa86597e2aca29d120298","2680690","4482","6724","0.6666","SG-02","HUMAN_VISUAL_REVIEW_V0.2","CALIBRATION_REVIEW","LIFESTYLE_CAMPAIGN","YES_USER_CONFIRMED","92","90","88","88","84","NOT_APPLICABLE","NOT_APPLICABLE","85","88","86","PASS","EXTERNAL_REVIEWER_INVESTOR_PROXY","COMPLETED","NOT_EXPOSED"
"xiaoyu","xiaoyu/e85f2c0201196b90.jpg","e85f2c0201196b909ccd338115f61a7eb9e2e6a201d66a66b90a2afa7f44d634","2649790","4483","6724","0.6667","SG-02","HUMAN_VISUAL_REVIEW_V0.2","CALIBRATION_REVIEW","LIFESTYLE_CAMPAIGN","YES_USER_CONFIRMED","93","91","88","90","87","NOT_APPLICABLE","NOT_APPLICABLE","87","90","88","PASS","EXTERNAL_REVIEWER_INVESTOR_PROXY","COMPLETED","NOT_EXPOSED"
"xiaoyu","xiaoyu/38d4c2a8c91bf9d5.jpg","38d4c2a8c91bf9d5f0b51060f9f3a05e0d5e2db798de55061fef0d50960e982f","1529939","4562","6844","0.6666","SG-11","HUMAN_VISUAL_REVIEW_V0.2","CALIBRATION_REVIEW","PRODUCT_MAIN_IMAGE","YES_USER_CONFIRMED","94","91","89","90","88","NOT_APPLICABLE","NOT_APPLICABLE","87","90","88","PASS","EXTERNAL_REVIEWER_INVESTOR_PROXY","COMPLETED","NOT_EXPOSED"
"xiaoyu","xiaoyu/34ed45f1aea941ac.jpg","34ed45f1aea941aca57f231b104d855578013615362a48f10af1b796fd318331","1525852","4562","6844","0.6666","SG-11","HUMAN_VISUAL_REVIEW_V0.2","CALIBRATION_REVIEW","PRODUCT_MAIN_IMAGE","YES_USER_CONFIRMED","93","90","88","88","86","NOT_APPLICABLE","NOT_APPLICABLE","85","88","86","PASS","EXTERNAL_REVIEWER_INVESTOR_PROXY","COMPLETED","NOT_EXPOSED"
"xiaoyu","xiaoyu/bb92bfcc54a2ad90.jpg","bb92bfcc54a2ad900b64b3b21b3edcc5b3bc4c4fac07fe57c562f99f9fd12f4f","764594","2324","3487","0.6665","SG-11","HUMAN_VISUAL_REVIEW_V0.2","CALIBRATION_REVIEW","PRODUCT_MAIN_IMAGE","YES_USER_CONFIRMED","93","90","88","89","87","NOT_APPLICABLE","NOT_APPLICABLE","86","89","87","PASS","EXTERNAL_REVIEWER_INVESTOR_PROXY","COMPLETED","NOT_EXPOSED"
"xiaoyu","xiaoyu/9e690314ff1924c2.jpg","9e690314ff1924c21ff8b565b0bc5162444a33d044fb790f9cf81dfe078e37f2","1267991","4562","6844","0.6666","SG-11","HUMAN_VISUAL_REVIEW_V0.2","CALIBRATION_REVIEW","PRODUCT_MAIN_IMAGE","YES_USER_CONFIRMED","93","90","88","89","86","NOT_APPLICABLE","NOT_APPLICABLE","85","88","86","PASS","EXTERNAL_REVIEWER_INVESTOR_PROXY","COMPLETED","NOT_EXPOSED"
"xiaoyu","xiaoyu/16d8b72be3b81069.jpg","16d8b72be3b81069bd610c22cf9c5a94fdf49adbfdf251e0eaa9c235b8005d96","1450392","4562","6844","0.6666","SG-11","HUMAN_VISUAL_REVIEW_V0.2","CALIBRATION_REVIEW","PRODUCT_MAIN_IMAGE","YES_USER_CONFIRMED","93","90","88","90","88","NOT_APPLICABLE","NOT_APPLICABLE","87","90","88","PASS","EXTERNAL_REVIEWER_INVESTOR_PROXY","COMPLETED","NOT_EXPOSED"
"xiaoyu","xiaoyu/0bf3f0ede1c1bd25.jpg","0bf3f0ede1c1bd25f3519779cf67cc63030efab14be8d6e67ebf27856ee05a6b","8961597","8071","10761","0.75","SG-14","HUMAN_VISUAL_REVIEW_V0.2","CALIBRATION_REVIEW","PRODUCT_MAIN_IMAGE","YES_USER_CONFIRMED","93","90","87","88","86","NOT_APPLICABLE","NOT_APPLICABLE","84","88","86","PASS","EXTERNAL_REVIEWER_INVESTOR_PROXY","COMPLETED","NOT_EXPOSED"
"xiaoyu","xiaoyu/f97a128ca11fabfb.jpg","f97a128ca11fabfb3b3cef0deb9474ea7554cee0f5e51a05dcdd92d449d057b4","6262719","8071","10761","0.75","SG-14","HUMAN_VISUAL_REVIEW_V0.2","CALIBRATION_REVIEW","PRODUCT_MAIN_IMAGE","YES_USER_CONFIRMED","92","89","86","87","85","NOT_APPLICABLE","NOT_APPLICABLE","83","87","85","PASS","EXTERNAL_REVIEWER_INVESTOR_PROXY","COMPLETED","NOT_EXPOSED"
"xiaoyu","xiaoyu/bba3927ebf247a85.jpg","bba3927ebf247a853e389f5e532fdd1868d7457d44f3d190c7d4a5bbda8df9d6","6828140","8071","10761","0.75","SG-14","HUMAN_VISUAL_REVIEW_V0.2","CALIBRATION_REVIEW","PRODUCT_MAIN_IMAGE","YES_USER_CONFIRMED","93","90","87","90","87","NOT_APPLICABLE","NOT_APPLICABLE","86","90","87","PASS","EXTERNAL_REVIEWER_INVESTOR_PROXY","COMPLETED","NOT_EXPOSED"
"xiaoyu","xiaoyu/9c8a63f597e6dab5.jpg","9c8a63f597e6dab5b98420446adaa1745700e4ff63a5e6b122d86629fbf8d093","7020043","8071","10761","0.75","SG-14","HUMAN_VISUAL_REVIEW_V0.2","CALIBRATION_REVIEW","PRODUCT_MAIN_IMAGE","YES_USER_CONFIRMED","94","91","87","90","87","NOT_APPLICABLE","NOT_APPLICABLE","86","90","88","PASS","EXTERNAL_REVIEWER_INVESTOR_PROXY","COMPLETED","NOT_EXPOSED"
"xiaoyu","xiaoyu/3455b350affe0e67.jpg","3455b350affe0e67a77f812053b75860870869b3d5817b67e9f2ab5ac7b37d46","6725397","8071","10761","0.75","SG-14","HUMAN_VISUAL_REVIEW_V0.2","CALIBRATION_REVIEW","PRODUCT_MAIN_IMAGE","YES_USER_CONFIRMED","93","90","87","89","87","NOT_APPLICABLE","NOT_APPLICABLE","86","89","87","PASS","EXTERNAL_REVIEWER_INVESTOR_PROXY","COMPLETED","NOT_EXPOSED"
"xiaoyu","xiaoyu/3c7155da4109a5cc.jpg","3c7155da4109a5ccf4177fa1ac1513e5c87b3c4280cf140ff21f588cd46c3372","8338751","8071","10761","0.75","SG-14","HUMAN_VISUAL_REVIEW_V0.2","CALIBRATION_REVIEW","PRODUCT_MAIN_IMAGE","YES_USER_CONFIRMED","93","90","87","88","85","NOT_APPLICABLE","NOT_APPLICABLE","84","88","86","PASS","EXTERNAL_REVIEWER_INVESTOR_PROXY","COMPLETED","NOT_EXPOSED"
"xiaoyu","xiaoyu/eee4ad0ed3a25c31.jpg","eee4ad0ed3a25c3178a0b98e5846e45fe77d22acba598f141775432e2fc409b6","7275248","8071","10761","0.75","SG-14","HUMAN_VISUAL_REVIEW_V0.2","CALIBRATION_REVIEW","PRODUCT_MAIN_IMAGE","YES_USER_CONFIRMED","93","90","87","88","85","NOT_APPLICABLE","NOT_APPLICABLE","84","88","86","PASS","EXTERNAL_REVIEWER_INVESTOR_PROXY","COMPLETED","NOT_EXPOSED"
"gwang","gwang/fdfa78ce8da224b2.jpg","fdfa78ce8da224b232ee19b267124fae907576fde8040aabda20434d5dc6ce0e","1695553","2656","3519","0.7548","GW-S05","HUMAN_VISUAL_REVIEW_V0.2","CALIBRATION_REVIEW","PRODUCT_MAIN_IMAGE","YES_USER_CONFIRMED","94","91","88","89","85","NOT_APPLICABLE","NOT_APPLICABLE","84","87","86","PASS","EXTERNAL_REVIEWER_INVESTOR_PROXY","COMPLETED","NOT_EXPOSED"
"gwang","gwang/71adbf9527555a96.jpg","71adbf9527555a9682dfbbdfa47d47cacf8ed1a10d30d6c4027a39857ee6140f","1953639","2681","3555","0.7541","GW-S05","HUMAN_VISUAL_REVIEW_V0.2","CALIBRATION_REVIEW","PRODUCT_MAIN_IMAGE","YES_USER_CONFIRMED","94","92","89","90","87","NOT_APPLICABLE","NOT_APPLICABLE","86","89","87","PASS","EXTERNAL_REVIEWER_INVESTOR_PROXY","COMPLETED","NOT_EXPOSED"
"gwang","gwang/00bf64e6b72e08e3.jpg","00bf64e6b72e08e358fbfa26ca1838cc1fe03339f54f0165dbadc242f46ab7a4","2086398","2651","3510","0.7553","GW-S05","HUMAN_VISUAL_REVIEW_V0.2","CALIBRATION_REVIEW","PRODUCT_MAIN_IMAGE","YES_USER_CONFIRMED","93","91","88","88","85","NOT_APPLICABLE","NOT_APPLICABLE","83","86","85","PASS","EXTERNAL_REVIEWER_INVESTOR_PROXY","COMPLETED","NOT_EXPOSED"
"gwang","gwang/3f4c617ae5886bb9.jpg","3f4c617ae5886bb91e728004cb10ab1d7477692814a2440d38b665a5bb7c3b4c","1648465","2629","3485","0.7544","GW-S05","HUMAN_VISUAL_REVIEW_V0.2","CALIBRATION_REVIEW","PRODUCT_MAIN_IMAGE","YES_USER_CONFIRMED","93","90","87","88","86","NOT_APPLICABLE","NOT_APPLICABLE","84","87","86","PASS","EXTERNAL_REVIEWER_INVESTOR_PROXY","COMPLETED","NOT_EXPOSED"
"gwang","gwang/b96d5b7fcc5e55e1.jpg","b96d5b7fcc5e55e100f57f90d7290a3e9f6661c0108f83073949f956e33ce08d","3638247","2645","3508","0.754","GW-S06","HUMAN_VISUAL_REVIEW_V0.2","CALIBRATION_REVIEW","PRODUCT_MAIN_IMAGE","YES_USER_CONFIRMED","93","90","87","89","86","NOT_APPLICABLE","NOT_APPLICABLE","84","87","86","PASS","EXTERNAL_REVIEWER_INVESTOR_PROXY","COMPLETED","NOT_EXPOSED"
"gwang","gwang/ecd6cc5181d4f860.jpg","ecd6cc5181d4f860d1c99df4336ede9b92edc7370fe17045ec0b229b5304a638","3508343","2655","3509","0.7566","GW-S06","HUMAN_VISUAL_REVIEW_V0.2","CALIBRATION_REVIEW","PRODUCT_MAIN_IMAGE","YES_USER_CONFIRMED","93","91","88","89","86","NOT_APPLICABLE","NOT_APPLICABLE","85","87","87","PASS","EXTERNAL_REVIEWER_INVESTOR_PROXY","COMPLETED","NOT_EXPOSED"
"gwang","gwang/28ab79fa1be33331.jpg","28ab79fa1be33331d8a6d1daa2439f0f76e2e4e0072fb389f1c93deed2b0111b","2179395","2498","3335","0.749","GW-S06","HUMAN_VISUAL_REVIEW_V0.2","CALIBRATION_REVIEW","PRODUCT_MAIN_IMAGE","YES_USER_CONFIRMED","93","90","88","88","85","NOT_APPLICABLE","NOT_APPLICABLE","84","87","86","PASS","EXTERNAL_REVIEWER_INVESTOR_PROXY","COMPLETED","NOT_EXPOSED"
"gwang","gwang/870081aa253b1718.jpg","870081aa253b17181f30bb916aa86861e61739d4548f9431f41561571338751a","156670","1620","1080","1.5","GW-S08","HUMAN_VISUAL_REVIEW_V0.2","CALIBRATION_REVIEW","AESTHETIC_REFERENCE","YES_USER_CONFIRMED","NOT_APPLICABLE","86","84","NOT_APPLICABLE","NOT_APPLICABLE","NOT_APPLICABLE","NOT_APPLICABLE","NOT_APPLICABLE","NOT_APPLICABLE","82","PASS","EXTERNAL_REVIEWER_INVESTOR_PROXY","COMPLETED","NOT_EXPOSED"
"gwang","gwang/02bcb64049bba8dd.jpg","02bcb64049bba8ddfd1b88f64a4c4a7acd13fbed8e49b579ffa19dde994746e9","171320","1080","1620","0.6667","GW-S09","HUMAN_VISUAL_REVIEW_V0.2","CALIBRATION_REVIEW","PRODUCT_MAIN_IMAGE","YES_USER_CONFIRMED","93","91","88","90","88","NOT_APPLICABLE","NOT_APPLICABLE","87","90","88","PASS","EXTERNAL_REVIEWER_INVESTOR_PROXY","COMPLETED","NOT_EXPOSED"
"gwang","gwang/d38e5223a40f7962.jpg","d38e5223a40f7962abe5e160be790f784d807e7ab8b527297fb94bbd7e428e91","226058","1080","1620","0.6667","GW-S09","HUMAN_VISUAL_REVIEW_V0.2","CALIBRATION_REVIEW","PRODUCT_MAIN_IMAGE","YES_USER_CONFIRMED","93","91","88","90","88","NOT_APPLICABLE","NOT_APPLICABLE","87","90","88","PASS","EXTERNAL_REVIEWER_INVESTOR_PROXY","COMPLETED","NOT_EXPOSED"
"gwang","gwang/197ab1b1fc3962aa.jpg","197ab1b1fc3962aad4b3042b78b71cff275179015644fef25d3fdd81ddaa8dc8","155710","1080","1620","0.6667","GW-S09","HUMAN_VISUAL_REVIEW_V0.2","CALIBRATION_REVIEW","PRODUCT_MAIN_IMAGE","YES_USER_CONFIRMED","93","91","88","90","87","NOT_APPLICABLE","NOT_APPLICABLE","86","89","87","PASS","EXTERNAL_REVIEWER_INVESTOR_PROXY","COMPLETED","NOT_EXPOSED"
"gwang","gwang/5c4f2eb9962a5460.jpg","5c4f2eb9962a546070d609261503db2bef97e3c38b499b804b3370f266f304e9","197715","1080","1620","0.6667","GW-S12","HUMAN_VISUAL_REVIEW_V0.2","CALIBRATION_REVIEW","LIFESTYLE_CAMPAIGN","YES_USER_CONFIRMED","92","90","88","88","85","NOT_APPLICABLE","NOT_APPLICABLE","85","87","86","PASS","EXTERNAL_REVIEWER_INVESTOR_PROXY","COMPLETED","NOT_EXPOSED"
"gwang","gwang/296052292aabccea.jpg","296052292aabccea36aeec971b5911f74e93a41c89655025acd245227bbc0718","194444","1080","1620","0.6667","GW-S12","HUMAN_VISUAL_REVIEW_V0.2","CALIBRATION_REVIEW","LIFESTYLE_CAMPAIGN","YES_USER_CONFIRMED","92","90","87","89","85","NOT_APPLICABLE","NOT_APPLICABLE","85","88","86","PASS","EXTERNAL_REVIEWER_INVESTOR_PROXY","COMPLETED","NOT_EXPOSED"
"gwang","gwang/45f8b9f6d13e5543.jpg","45f8b9f6d13e5543460e74a31d980e259bf22903058928a0b4e28140a067d9e3","388027","1620","1080","1.5","GW-S12","HUMAN_VISUAL_REVIEW_V0.2","CALIBRATION_REVIEW","LIFESTYLE_CAMPAIGN","YES_USER_CONFIRMED","92","89","87","88","84","NOT_APPLICABLE","NOT_APPLICABLE","83","87","85","PASS","EXTERNAL_REVIEWER_INVESTOR_PROXY","COMPLETED","NOT_EXPOSED"
"gwang","gwang/349832fbc3948bd3.jpg","349832fbc3948bd3ff4f350246f9550222832801c59624758802687eccecbba4","224741","1080","1446","0.7469","GW-S12","HUMAN_VISUAL_REVIEW_V0.2","CALIBRATION_REVIEW","LIFESTYLE_CAMPAIGN","YES_USER_CONFIRMED","92","89","86","86","83","NOT_APPLICABLE","NOT_APPLICABLE","82","86","84","PASS","EXTERNAL_REVIEWER_INVESTOR_PROXY","COMPLETED","NOT_EXPOSED"
"gwang","gwang/55258ea348bcafac.jpg","55258ea348bcafac5ba20bac939690a1becd907225e9a9feffedc1e17c7f5e74","196403","1456","1080","1.3481","GW-S12","HUMAN_VISUAL_REVIEW_V0.2","CALIBRATION_REVIEW","LIFESTYLE_CAMPAIGN","YES_USER_CONFIRMED","92","90","87","89","86","NOT_APPLICABLE","NOT_APPLICABLE","86","89","87","PASS","EXTERNAL_REVIEWER_INVESTOR_PROXY","COMPLETED","NOT_EXPOSED"
"gwang","gwang/097016ff681bb16a.jpg","097016ff681bb16a7656793f2664e4dd947981d9ead993d0df86501b09460933","234619","1080","1620","0.6667","GW-S12","HUMAN_VISUAL_REVIEW_V0.2","CALIBRATION_REVIEW","LIFESTYLE_CAMPAIGN","YES_USER_CONFIRMED","92","90","87","88","85","NOT_APPLICABLE","NOT_APPLICABLE","85","88","86","PASS","EXTERNAL_REVIEWER_INVESTOR_PROXY","COMPLETED","NOT_EXPOSED"
"gwang","gwang/f9882bc094198235.jpg","f9882bc0941982358d46de35932b15918b52b396cb36d202712370a050aab650","190327","1080","1620","0.6667","GW-S12","HUMAN_VISUAL_REVIEW_V0.2","CALIBRATION_REVIEW","LIFESTYLE_CAMPAIGN","YES_USER_CONFIRMED","92","90","87","88","85","NOT_APPLICABLE","NOT_APPLICABLE","85","88","86","PASS","EXTERNAL_REVIEWER_INVESTOR_PROXY","COMPLETED","NOT_EXPOSED"
"gwang","gwang/c0769708cf3b5032.jpg","c0769708cf3b5032e124f77813c9b9ca0a46996e0116565ba66b3db51c76e7e1","220343","1080","1620","0.6667","GW-S12","HUMAN_VISUAL_REVIEW_V0.2","CALIBRATION_REVIEW","LIFESTYLE_CAMPAIGN","YES_USER_CONFIRMED","92","90","87","88","85","NOT_APPLICABLE","NOT_APPLICABLE","85","88","86","PASS","EXTERNAL_REVIEWER_INVESTOR_PROXY","COMPLETED","NOT_EXPOSED"
"gwang","gwang/a15be0fba4f6cbef.jpg","a15be0fba4f6cbefc0dd01ec57b0f213aacdb1bcf4634d5acfaf0a108afded49","196387","1620","1080","1.5","GW-S12","HUMAN_VISUAL_REVIEW_V0.2","CALIBRATION_REVIEW","LIFESTYLE_CAMPAIGN","YES_USER_CONFIRMED","92","90","87","88","85","NOT_APPLICABLE","NOT_APPLICABLE","85","88","86","PASS","EXTERNAL_REVIEWER_INVESTOR_PROXY","COMPLETED","NOT_EXPOSED"
"gwang","gwang/f5ddce3cb4b24e98.jpg","f5ddce3cb4b24e98fec63569e5e4a041fdc27de7e1ba28a533eea9b3f3a5ca98","246236","1080","1620","0.6667","GW-S15","HUMAN_VISUAL_REVIEW_V0.2","CALIBRATION_REVIEW","AESTHETIC_REFERENCE","YES_USER_CONFIRMED","92","91","87","NOT_APPLICABLE","NOT_APPLICABLE","NOT_APPLICABLE","NOT_APPLICABLE","NOT_APPLICABLE","NOT_APPLICABLE","85","PASS","EXTERNAL_REVIEWER_INVESTOR_PROXY","COMPLETED","EXPOSED_QWEN_CANARY"
