dataset_id,visual_group,asset_count,intended_placement,proposed_split,review_status
gwang,GW-S01,5,PRODUCT_MAIN_IMAGE,TRAIN_REFERENCE,HUMAN_VISUAL_REVIEW_V0.2
gwang,GW-S02,4,LIFESTYLE_CAMPAIGN,TRAIN_REFERENCE,HUMAN_VISUAL_REVIEW_V0.2
gwang,GW-S03,3,LIFESTYLE_CAMPAIGN,EVALUATION_HOLDOUT,HUMAN_VISUAL_REVIEW_V0.2
gwang,GW-S04,6,PRODUCT_MAIN_IMAGE,TRAIN_REFERENCE,HUMAN_VISUAL_REVIEW_V0.2
gwang,GW-S05,4,PRODUCT_MAIN_IMAGE,CALIBRATION_REVIEW,HUMAN_VISUAL_REVIEW_V0.2
gwang,GW-S06,3,PRODUCT_MAIN_IMAGE,CALIBRATION_REVIEW,HUMAN_VISUAL_REVIEW_V0.2
gwang,GW-S07,8,PRODUCT_MAIN_IMAGE,TRAIN_REFERENCE,HUMAN_VISUAL_REVIEW_V0.2
gwang,GW-S08,1,AESTHETIC_REFERENCE,CALIBRATION_REVIEW,HUMAN_VISUAL_REVIEW_V0.2
gwang,GW-S09,3,PRODUCT_MAIN_IMAGE,CALIBRATION_REVIEW,HUMAN_VISUAL_REVIEW_V0.2
gwang,GW-S10,9,AESTHETIC_REFERENCE,TRAIN_REFERENCE,HUMAN_VISUAL_REVIEW_V0.2
gwang,GW-S11,38,LIFESTYLE_CAMPAIGN,TRAIN_REFERENCE,HUMAN_VISUAL_REVIEW_V0.2
gwang,GW-S12,9,LIFESTYLE_CAMPAIGN,CALIBRATION_REVIEW,HUMAN_VISUAL_REVIEW_V0.2
gwang,GW-S13,6,LIFESTYLE_CAMPAIGN,EVALUATION_HOLDOUT,HUMAN_VISUAL_REVIEW_V0.2
gwang,GW-S14,2,OUT_OF_SCOPE_OTHER_COMMERCIAL,EVALUATION_HOLDOUT,HUMAN_VISUAL_REVIEW_V0.2
gwang,GW-S15,1,AESTHETIC_REFERENCE,CALIBRATION_REVIEW,HUMAN_VISUAL_REVIEW_V0.2
gwang,GW-S16,1,OUT_OF_SCOPE_OTHER_COMMERCIAL,EVALUATION_HOLDOUT,HUMAN_VISUAL_REVIEW_V0.2
xiaoyu,SG-01,6,AESTHETIC_REFERENCE,EVALUATION_HOLDOUT,HUMAN_VISUAL_REVIEW_V0.2
xiaoyu,SG-02,7,LIFESTYLE_CAMPAIGN,CALIBRATION_REVIEW,HUMAN_VISUAL_REVIEW_V0.2
xiaoyu,SG-03,6,PRODUCT_MAIN_IMAGE,EVALUATION_HOLDOUT,HUMAN_VISUAL_REVIEW_V0.2
xiaoyu,SG-04,17,AESTHETIC_REFERENCE,TRAIN_REFERENCE,HUMAN_VISUAL_REVIEW_V0.2
xiaoyu,SG-05,4,LIFESTYLE_CAMPAIGN,TRAIN_REFERENCE,HUMAN_VISUAL_REVIEW_V0.2
xiaoyu,SG-06,4,LIFESTYLE_CAMPAIGN,TRAIN_REFERENCE,HUMAN_VISUAL_REVIEW_V0.2
xiaoyu,SG-07,4,PLATFORM_PROMOTION_MAIN_IMAGE,EVALUATION_HOLDOUT,HUMAN_VISUAL_REVIEW_V0.2
xiaoyu,SG-08,4,LIFESTYLE_CAMPAIGN,TRAIN_REFERENCE,HUMAN_VISUAL_REVIEW_V0.2
xiaoyu,SG-09,2,PRODUCT_MAIN_IMAGE,TRAIN_REFERENCE,HUMAN_VISUAL_REVIEW_V0.2
xiaoyu,SG-10,10,PRODUCT_MAIN_IMAGE,TRAIN_REFERENCE,HUMAN_VISUAL_REVIEW_V0.2
xiaoyu,SG-11,5,PRODUCT_MAIN_IMAGE,CALIBRATION_REVIEW,HUMAN_VISUAL_REVIEW_V0.2
xiaoyu,SG-12,2,LIFESTYLE_CAMPAIGN,TRAIN_REFERENCE,HUMAN_VISUAL_REVIEW_V0.2
xiaoyu,SG-13,3,LIFESTYLE_CAMPAIGN|PLATFORM_PROMOTION_MAIN_IMAGE,EVALUATION_HOLDOUT,HUMAN_VISUAL_REVIEW_V0.2
xiaoyu,SG-14,7,PRODUCT_MAIN_IMAGE,CALIBRATION_REVIEW,HUMAN_VISUAL_REVIEW_V0.2
xiaoyu,SG-15,6,PRODUCT_MAIN_IMAGE,TRAIN_REFERENCE,HUMAN_VISUAL_REVIEW_V0.2
