dataset_id,asset_alias,sha256,bytes,width,height,aspect_ratio,visual_group,group_review_status,proposed_split,intended_placement,aesthetic_reference,human_realism_score,photography_realism_score,material_realism_score,product_prominence_score,selling_point_clarity_score,promotion_hierarchy_score,information_legibility_score,click_motivation_score,channel_placement_fit_score,overall_score,human_decision,reviewer_id,review_status,model_exposure_status
xiaoyu,xiaoyu/e7c998e72423f293.jpg,e7c998e72423f293efaaad0a68e87fe35714d38c1445d7af71b1409642bc156b,10036207,5325,7987,0.6667,SG-01,HUMAN_VISUAL_REVIEW_V0.2,EVALUATION_HOLDOUT,AESTHETIC_REFERENCE,YES_USER_CONFIRMED,,,,,,,,,,,,,PENDING,NOT_EXPOSED
xiaoyu,xiaoyu/20de34e045e15ce1.jpg,20de34e045e15ce1857dc764755888535bb764e2deb93a1438caab1abac61713,9487711,5186,7779,0.6667,SG-01,HUMAN_VISUAL_REVIEW_V0.2,EVALUATION_HOLDOUT,AESTHETIC_REFERENCE,YES_USER_CONFIRMED,,,,,,,,,,,,,PENDING,NOT_EXPOSED
xiaoyu,xiaoyu/f6aaedbb4770491d.jpg,f6aaedbb4770491d4b9a89b040cb2c3820f53c52ddea9a81b48b17c7f01a7865,2881378,2834,3778,0.7501,SG-01,HUMAN_VISUAL_REVIEW_V0.2,EVALUATION_HOLDOUT,AESTHETIC_REFERENCE,YES_USER_CONFIRMED,,,,,,,,,,,,,PENDING,NOT_EXPOSED
xiaoyu,xiaoyu/07110e36cb7a8d4d.jpg,07110e36cb7a8d4d835288f0a212fe1fb6ce1729dd3dcdc06428da84c2741424,4276002,4660,3495,1.3333,SG-01,HUMAN_VISUAL_REVIEW_V0.2,EVALUATION_HOLDOUT,AESTHETIC_REFERENCE,YES_USER_CONFIRMED,,,,,,,,,,,,,PENDING,NOT_EXPOSED
xiaoyu,xiaoyu/b1d33d124678c3ea.jpg,b1d33d124678c3eafb31a8fe12b0f97c76618dbaefad4537bd8ea9bfa19790e1,7345717,4620,6160,0.75,SG-01,HUMAN_VISUAL_REVIEW_V0.2,EVALUATION_HOLDOUT,AESTHETIC_REFERENCE,YES_USER_CONFIRMED,,,,,,,,,,,,,PENDING,NOT_EXPOSED
xiaoyu,xiaoyu/7fd6fdc57c37126a.jpg,7fd6fdc57c37126af241800e6b76f17f71236e4e559bf3e9436f4145f07258b0,20975028,8736,11648,0.75,SG-01,HUMAN_VISUAL_REVIEW_V0.2,EVALUATION_HOLDOUT,AESTHETIC_REFERENCE,YES_USER_CONFIRMED,,,,,,,,,,,,,PENDING,NOT_EXPOSED
xiaoyu,xiaoyu/7452ffee01384a3c.jpg,7452ffee01384a3c5b9e0b62f53a017409a0994c5df2df6c9f80a7181d134c04,4829730,4408,6613,0.6666,SG-02,HUMAN_VISUAL_REVIEW_V0.2,CALIBRATION_REVIEW,LIFESTYLE_CAMPAIGN,YES_USER_CONFIRMED,,,,,,,,,,,,,PENDING,NOT_EXPOSED
xiaoyu,xiaoyu/f7d74b5ae70802a0.jpg,f7d74b5ae70802a023ea834eb74757d37a56a73862952e5fc139966241e67a0e,3513231,4551,6827,0.6666,SG-02,HUMAN_VISUAL_REVIEW_V0.2,CALIBRATION_REVIEW,LIFESTYLE_CAMPAIGN,YES_USER_CONFIRMED,,,,,,,,,,,,,PENDING,NOT_EXPOSED
xiaoyu,xiaoyu/48e8c6f22e06840e.jpg,48e8c6f22e06840e7b1bc4c790cd474bad91d0643a4cb70bf8ec336cb4277272,2663819,4408,6613,0.6666,SG-02,HUMAN_VISUAL_REVIEW_V0.2,CALIBRATION_REVIEW,LIFESTYLE_CAMPAIGN,YES_USER_CONFIRMED,,,,,,,,,,,,,PENDING,NOT_EXPOSED
xiaoyu,xiaoyu/971b1e0dec20de7c.jpg,971b1e0dec20de7ce0b4e2a637bc53cb0d653660e8d9ad8b73c7ff8acdc083b7,2544186,4716,7074,0.6667,SG-02,HUMAN_VISUAL_REVIEW_V0.2,CALIBRATION_REVIEW,LIFESTYLE_CAMPAIGN,YES_USER_CONFIRMED,,,,,,,,,,,,,PENDING,NOT_EXPOSED
xiaoyu,xiaoyu/ecec16fd33eb390a.jpg,ecec16fd33eb390a31e74ee75e1fd3d0a7c6b620226a5b4af63368f78e6cf182,7599724,4551,6827,0.6666,SG-02,HUMAN_VISUAL_REVIEW_V0.2,CALIBRATION_REVIEW,LIFESTYLE_CAMPAIGN,YES_USER_CONFIRMED,,,,,,,,,,,,,PENDING,NOT_EXPOSED
xiaoyu,xiaoyu/5bd6eecc7d2f09ab.jpg,5bd6eecc7d2f09abb5c94cec4e14c40b275c9606bb7fa86597e2aca29d120298,2680690,4482,6724,0.6666,SG-02,HUMAN_VISUAL_REVIEW_V0.2,CALIBRATION_REVIEW,LIFESTYLE_CAMPAIGN,YES_USER_CONFIRMED,,,,,,,,,,,,,PENDING,NOT_EXPOSED
xiaoyu,xiaoyu/e85f2c0201196b90.jpg,e85f2c0201196b909ccd338115f61a7eb9e2e6a201d66a66b90a2afa7f44d634,2649790,4483,6724,0.6667,SG-02,HUMAN_VISUAL_REVIEW_V0.2,CALIBRATION_REVIEW,LIFESTYLE_CAMPAIGN,YES_USER_CONFIRMED,,,,,,,,,,,,,PENDING,NOT_EXPOSED
xiaoyu,xiaoyu/7ad883daaf6db8bb.jpg,7ad883daaf6db8bbc66f2c2661f58d41a4646a11e0fdda299629554a06597247,2795266,8736,11648,0.75,SG-03,HUMAN_VISUAL_REVIEW_V0.2,EVALUATION_HOLDOUT,PRODUCT_MAIN_IMAGE,YES_USER_CONFIRMED,,,,,,,,,,,,,PENDING,NOT_EXPOSED
xiaoyu,xiaoyu/2ef7583581559677.jpg,2ef75835815596778fe29d6a199dce33dafb68101e49e0bd0db85774495a3324,9231472,8736,11648,0.75,SG-03,HUMAN_VISUAL_REVIEW_V0.2,EVALUATION_HOLDOUT,PRODUCT_MAIN_IMAGE,YES_USER_CONFIRMED,,,,,,,,,,,,,PENDING,NOT_EXPOSED
xiaoyu,xiaoyu/38336c0278f55c00.jpg,38336c0278f55c008c158f87a0f3af7425a7217e77c3c8937d26cf071dec44a1,2069554,8736,11648,0.75,SG-03,HUMAN_VISUAL_REVIEW_V0.2,EVALUATION_HOLDOUT,PRODUCT_MAIN_IMAGE,YES_USER_CONFIRMED,,,,,,,,,,,,,PENDING,NOT_EXPOSED
xiaoyu,xiaoyu/0eefb775e1df636f.jpg,0eefb775e1df636fc4ed6bd2ed50ba237572c71f54e88184582c37128a26d9b2,4660548,6672,8896,0.75,SG-03,HUMAN_VISUAL_REVIEW_V0.2,EVALUATION_HOLDOUT,PRODUCT_MAIN_IMAGE,YES_USER_CONFIRMED,,,,,,,,,,,,,PENDING,NOT_EXPOSED
xiaoyu,xiaoyu/2ca5482df997772e.jpg,2ca5482df997772ed88342b9a432c124f0e77f3579c20d2c95a3c8a0e41cdb0c,2539001,8736,11648,0.75,SG-03,HUMAN_VISUAL_REVIEW_V0.2,EVALUATION_HOLDOUT,PRODUCT_MAIN_IMAGE,YES_USER_CONFIRMED,,,,,,,,,,,,,PENDING,NOT_EXPOSED
xiaoyu,xiaoyu/bdd97c14a279270b.jpg,bdd97c14a279270b622478983d7fa4f67f837fd4400bf5c7135065acbc8d12ac,5651065,7859,10479,0.75,SG-03,HUMAN_VISUAL_REVIEW_V0.2,EVALUATION_HOLDOUT,PRODUCT_MAIN_IMAGE,YES_USER_CONFIRMED,,,,,,,,,,,,,PENDING,NOT_EXPOSED
xiaoyu,xiaoyu/436e5798a8673dbb.jpg,436e5798a8673dbb04c9883f8925364f257ea74d193ea0c5638c8b82825fe1d8,1532500,2752,3669,0.7501,SG-04,HUMAN_VISUAL_REVIEW_V0.2,TRAIN_REFERENCE,AESTHETIC_REFERENCE,YES_USER_CONFIRMED,,,,,,,,,,,,,PENDING,NOT_EXPOSED
xiaoyu,xiaoyu/dc2928e31e2675db.jpg,dc2928e31e2675dbfafd700cd3ca3eb719d8a93d70646cc991ec9c7e2d23d5b3,2544006,3440,4587,0.7499,SG-04,HUMAN_VISUAL_REVIEW_V0.2,TRAIN_REFERENCE,AESTHETIC_REFERENCE,YES_USER_CONFIRMED,,,,,,,,,,,,,PENDING,NOT_EXPOSED
xiaoyu,xiaoyu/630dda2dd7607f98.jpg,630dda2dd7607f9817c8e5877110650df486cb575ba3e4ba06d7b34dc023f85d,859133,3561,4749,0.7498,SG-04,HUMAN_VISUAL_REVIEW_V0.2,TRAIN_REFERENCE,AESTHETIC_REFERENCE,YES_USER_CONFIRMED,,,,,,,,,,,,,PENDING,NOT_EXPOSED
xiaoyu,xiaoyu/3405e011276d480b.jpg,3405e011276d480b002620a3e0c8647b10387e56dcb65aceef21d106d99d8a44,1298287,2677,3570,0.7499,SG-04,HUMAN_VISUAL_REVIEW_V0.2,TRAIN_REFERENCE,AESTHETIC_REFERENCE,YES_USER_CONFIRMED,,,,,,,,,,,,,PENDING,NOT_EXPOSED
xiaoyu,xiaoyu/6c8810cf6287bc6f.jpg,6c8810cf6287bc6fdcdf3920a9cec5c8da67c09eff7d0409c8d61a4f4647ae7d,573563,1593,2124,0.75,SG-04,HUMAN_VISUAL_REVIEW_V0.2,TRAIN_REFERENCE,AESTHETIC_REFERENCE,YES_USER_CONFIRMED,,,,,,,,,,,,,PENDING,NOT_EXPOSED
xiaoyu,xiaoyu/e7393ef2d1f19578.jpg,e7393ef2d1f1957876c984d74fdde9304a2ec644fc491c1ad6456b3d7a974ab6,5954357,6345,8459,0.7501,SG-04,HUMAN_VISUAL_REVIEW_V0.2,TRAIN_REFERENCE,AESTHETIC_REFERENCE,YES_USER_CONFIRMED,,,,,,,,,,,,,PENDING,NOT_EXPOSED
xiaoyu,xiaoyu/1224ea91ba11ed6c.jpg,1224ea91ba11ed6ca7ae6c14cb44c07d14a74ef46f8e1e45c0cc8b1f5006c8e6,10360723,7542,10056,0.75,SG-04,HUMAN_VISUAL_REVIEW_V0.2,TRAIN_REFERENCE,AESTHETIC_REFERENCE,YES_USER_CONFIRMED,,,,,,,,,,,,,PENDING,NOT_EXPOSED
xiaoyu,xiaoyu/9e79f281574b7fd7.jpg,9e79f281574b7fd76f94f3c116aba95b80e46329527fd0f24710934e7900b3d8,5258646,6345,8459,0.7501,SG-04,HUMAN_VISUAL_REVIEW_V0.2,TRAIN_REFERENCE,AESTHETIC_REFERENCE,YES_USER_CONFIRMED,,,,,,,,,,,,,PENDING,NOT_EXPOSED
xiaoyu,xiaoyu/bfca1e2cc923270a.jpg,bfca1e2cc923270aaa448bf8eedb34cbb5d88a7f2a4d33c38288577ec07a02c9,2811795,6345,8459,0.7501,SG-04,HUMAN_VISUAL_REVIEW_V0.2,TRAIN_REFERENCE,AESTHETIC_REFERENCE,YES_USER_CONFIRMED,,,,,,,,,,,,,PENDING,NOT_EXPOSED
xiaoyu,xiaoyu/d5b064961a59c36a.jpg,d5b064961a59c36a875fb5aea29a876e7679b5fdef65f709f5d7c29011382573,98732,788,1180,0.6678,SG-04,HUMAN_VISUAL_REVIEW_V0.2,TRAIN_REFERENCE,AESTHETIC_REFERENCE,YES_USER_CONFIRMED,,,,,,,,,,,,,PENDING,EXPOSED_QWEN_CANARY
xiaoyu,xiaoyu/fd7e3fb17988a2d7.jpg,fd7e3fb17988a2d7ba8c8e63834053ef3e89be42c9c1af5006293e0bc428592d,407404,2897,3863,0.7499,SG-04,HUMAN_VISUAL_REVIEW_V0.2,TRAIN_REFERENCE,AESTHETIC_REFERENCE,YES_USER_CONFIRMED,,,,,,,,,,,,,PENDING,EXPOSED_QWEN_CANARY
xiaoyu,xiaoyu/65dd6ba865e19c97.jpg,65dd6ba865e19c9763b84b9a302c3af901e7363f58205fe9af1ff3be857fa8b9,5569923,7395,9860,0.75,SG-04,HUMAN_VISUAL_REVIEW_V0.2,TRAIN_REFERENCE,AESTHETIC_REFERENCE,YES_USER_CONFIRMED,,,,,,,,,,,,,PENDING,NOT_EXPOSED
xiaoyu,xiaoyu/927c8ad769db53f4.jpg,927c8ad769db53f4d238d316983b1c6eb953396365db94d0fdaafccc64ac3ebd,3393812,8470,11293,0.75,SG-04,HUMAN_VISUAL_REVIEW_V0.2,TRAIN_REFERENCE,AESTHETIC_REFERENCE,YES_USER_CONFIRMED,,,,,,,,,,,,,PENDING,NOT_EXPOSED
xiaoyu,xiaoyu/620ad1d468b1174d.jpg,620ad1d468b1174d3590628c4c7f99ef8e07659abc9f06b0a2032b3d5cfca7a0,3557402,8470,11293,0.75,SG-04,HUMAN_VISUAL_REVIEW_V0.2,TRAIN_REFERENCE,AESTHETIC_REFERENCE,YES_USER_CONFIRMED,,,,,,,,,,,,,PENDING,NOT_EXPOSED
xiaoyu,xiaoyu/4318ad337c56d769.jpg,4318ad337c56d769e2f736bf8606e6eb3975ccf9d7d69cdd674a837323fd1d2e,2672494,6066,8088,0.75,SG-04,HUMAN_VISUAL_REVIEW_V0.2,TRAIN_REFERENCE,AESTHETIC_REFERENCE,YES_USER_CONFIRMED,,,,,,,,,,,,,PENDING,NOT_EXPOSED
xiaoyu,xiaoyu/4fcd6ef65b8bffae.jpg,4fcd6ef65b8bffae70092040077e32cb8e28b43a75f038246d4d89aa8f3055e3,1034717,5990,7987,0.75,SG-04,HUMAN_VISUAL_REVIEW_V0.2,TRAIN_REFERENCE,AESTHETIC_REFERENCE,YES_USER_CONFIRMED,,,,,,,,,,,,,PENDING,NOT_EXPOSED
xiaoyu,xiaoyu/934ed7b28039b5ab.jpg,934ed7b28039b5ab73eb09af8a0696f5cc5625e54203693a7a7a434c54931ae0,961704,5999,7999,0.75,SG-04,HUMAN_VISUAL_REVIEW_V0.2,TRAIN_REFERENCE,AESTHETIC_REFERENCE,YES_USER_CONFIRMED,,,,,,,,,,,,,PENDING,NOT_EXPOSED
xiaoyu,xiaoyu/85a345cbb07adbd0.jpg,85a345cbb07adbd0bb21782c6ca3785a54dda1f3b2f433e41fc547eaf0ef29f6,6940545,8510,11347,0.75,SG-05,HUMAN_VISUAL_REVIEW_V0.2,TRAIN_REFERENCE,LIFESTYLE_CAMPAIGN,YES_USER_CONFIRMED,,,,,,,,,,,,,PENDING,NOT_EXPOSED
xiaoyu,xiaoyu/99d490b051669b69.jpg,99d490b051669b69011ce5cd153bd73d97265dd9387da0c64aa155e31cdc0523,2661400,8510,11346,0.75,SG-05,HUMAN_VISUAL_REVIEW_V0.2,TRAIN_REFERENCE,LIFESTYLE_CAMPAIGN,YES_USER_CONFIRMED,,,,,,,,,,,,,PENDING,NOT_EXPOSED
xiaoyu,xiaoyu/bd6c74346fdc0353.jpg,bd6c74346fdc0353949fb5b9318c6c4e38102eb3ae667d674301563128498ec4,3804650,8504,11339,0.75,SG-05,HUMAN_VISUAL_REVIEW_V0.2,TRAIN_REFERENCE,LIFESTYLE_CAMPAIGN,YES_USER_CONFIRMED,,,,,,,,,,,,,PENDING,NOT_EXPOSED
xiaoyu,xiaoyu/8edaa3cf47e173cc.jpg,8edaa3cf47e173cc6321fc5839cd9830a12b7b3330ba8465ec01b5a65852c64b,2104267,8692,11589,0.75,SG-05,HUMAN_VISUAL_REVIEW_V0.2,TRAIN_REFERENCE,LIFESTYLE_CAMPAIGN,YES_USER_CONFIRMED,,,,,,,,,,,,,PENDING,NOT_EXPOSED
xiaoyu,xiaoyu/7d5f191569aa1214.jpg,7d5f191569aa12141380f74dcc3eb617fa0f1e8ef21d2a69aa0cd8129bb76795,7751669,8192,5464,1.4993,SG-06,HUMAN_VISUAL_REVIEW_V0.2,TRAIN_REFERENCE,LIFESTYLE_CAMPAIGN,YES_USER_CONFIRMED,,,,,,,,,,,,,PENDING,NOT_EXPOSED
xiaoyu,xiaoyu/5a6fd367098f0494.jpg,5a6fd367098f04949855f2fbca55f8243bac8ea73172c59d95f0592f92c42b42,4850503,5464,8192,0.667,SG-06,HUMAN_VISUAL_REVIEW_V0.2,TRAIN_REFERENCE,LIFESTYLE_CAMPAIGN,YES_USER_CONFIRMED,,,,,,,,,,,,,PENDING,NOT_EXPOSED
xiaoyu,xiaoyu/7b206334f8a404df.jpg,7b206334f8a404dfb8d077f0f6d8dd3944cb2b21b6f76d9698c0b7128635a84b,5572874,5411,8113,0.667,SG-06,HUMAN_VISUAL_REVIEW_V0.2,TRAIN_REFERENCE,LIFESTYLE_CAMPAIGN,YES_USER_CONFIRMED,,,,,,,,,,,,,PENDING,NOT_EXPOSED
xiaoyu,xiaoyu/e26645f9a608d973.jpg,e26645f9a608d9737cb0dc9aa353b1084155d9ad94e648b594475900de94fe79,6951501,5411,8113,0.667,SG-06,HUMAN_VISUAL_REVIEW_V0.2,TRAIN_REFERENCE,LIFESTYLE_CAMPAIGN,YES_USER_CONFIRMED,,,,,,,,,,,,,PENDING,NOT_EXPOSED
xiaoyu,xiaoyu/6752134000d338dc.jpg,6752134000d338dcddfd15112998bcd2893051f3e541e274fbc267e32bce5e5f,356100,1179,1743,0.6764,SG-07,HUMAN_VISUAL_REVIEW_V0.2,EVALUATION_HOLDOUT,PLATFORM_PROMOTION_MAIN_IMAGE,YES_USER_CONFIRMED,,,,,,,,,,,,,PENDING,NOT_EXPOSED
xiaoyu,xiaoyu/3488d346da381c60.jpg,3488d346da381c605cb080ff7b3a46013d556b533b3b763b5d15e1930f6f9f1b,368786,1179,1727,0.6827,SG-07,HUMAN_VISUAL_REVIEW_V0.2,EVALUATION_HOLDOUT,PLATFORM_PROMOTION_MAIN_IMAGE,YES_USER_CONFIRMED,,,,,,,,,,,,,PENDING,NOT_EXPOSED
xiaoyu,xiaoyu/49d463dad2e4cb61.jpg,49d463dad2e4cb61a7e802be1df22d3d54cac9ea47b3e530e65ccc6f6c2ef1af,338661,1179,1572,0.75,SG-07,HUMAN_VISUAL_REVIEW_V0.2,EVALUATION_HOLDOUT,PLATFORM_PROMOTION_MAIN_IMAGE,YES_USER_CONFIRMED,,,,,,,,,,,,,PENDING,NOT_EXPOSED
xiaoyu,xiaoyu/ab6ec83b544cf494.jpg,ab6ec83b544cf494260d9ab527fe03b99ed3dd1618914684906abf62caa316ee,309180,1179,1572,0.75,SG-07,HUMAN_VISUAL_REVIEW_V0.2,EVALUATION_HOLDOUT,PLATFORM_PROMOTION_MAIN_IMAGE,YES_USER_CONFIRMED,,,,,,,,,,,,,PENDING,NOT_EXPOSED
xiaoyu,xiaoyu/7de4ab6f2a208976.jpg,7de4ab6f2a2089768690bac9ad4ccae965bf90add0c36d57c09ff7e471c7c497,5281321,4371,6556,0.6667,SG-08,HUMAN_VISUAL_REVIEW_V0.2,TRAIN_REFERENCE,LIFESTYLE_CAMPAIGN,YES_USER_CONFIRMED,,,,,,,,,,,,,PENDING,NOT_EXPOSED
xiaoyu,xiaoyu/7b60aa70b363df70.jpg,7b60aa70b363df70e8538fae8a58a96cf8c1c6df94309af43da5b153f10cdaeb,5375754,4371,6556,0.6667,SG-08,HUMAN_VISUAL_REVIEW_V0.2,TRAIN_REFERENCE,LIFESTYLE_CAMPAIGN,YES_USER_CONFIRMED,,,,,,,,,,,,,PENDING,NOT_EXPOSED
xiaoyu,xiaoyu/095807be84dc67a6.jpg,095807be84dc67a64e8172d7c46ac163285218b96c454223d52e5513419c3be0,8360513,4419,6629,0.6666,SG-08,HUMAN_VISUAL_REVIEW_V0.2,TRAIN_REFERENCE,LIFESTYLE_CAMPAIGN,YES_USER_CONFIRMED,,,,,,,,,,,,,PENDING,NOT_EXPOSED
xiaoyu,xiaoyu/5fe44ca52473e5ff.jpg,5fe44ca52473e5ff8623595e83ae66c696575cc08ab721a21ea991f33b2332bc,3739331,4351,6527,0.6666,SG-08,HUMAN_VISUAL_REVIEW_V0.2,TRAIN_REFERENCE,LIFESTYLE_CAMPAIGN,YES_USER_CONFIRMED,,,,,,,,,,,,,PENDING,NOT_EXPOSED
xiaoyu,xiaoyu/2a0bdbd7f3becaad.jpg,2a0bdbd7f3becaad02d66b9b76f6077f53ca6b323b46d56f7ab505a7a8f374d8,3890520,8736,11648,0.75,SG-09,HUMAN_VISUAL_REVIEW_V0.2,TRAIN_REFERENCE,PRODUCT_MAIN_IMAGE,YES_USER_CONFIRMED,,,,,,,,,,,,,PENDING,NOT_EXPOSED
xiaoyu,xiaoyu/c04ba737108b36b9.jpg,c04ba737108b36b9ecca3134cc9e092651a5703a304d2e8f8800dfa131fc2bcd,4646422,8736,11648,0.75,SG-09,HUMAN_VISUAL_REVIEW_V0.2,TRAIN_REFERENCE,PRODUCT_MAIN_IMAGE,YES_USER_CONFIRMED,,,,,,,,,,,,,PENDING,NOT_EXPOSED
xiaoyu,xiaoyu/3fb41a7f605eb237.jpg,3fb41a7f605eb237469b19bbabb960adec57509e3821075800a7661aa7fe38a8,7372226,4415,6623,0.6666,SG-10,HUMAN_VISUAL_REVIEW_V0.2,TRAIN_REFERENCE,PRODUCT_MAIN_IMAGE,YES_USER_CONFIRMED,,,,,,,,,,,,,PENDING,NOT_EXPOSED
xiaoyu,xiaoyu/0615f764b1a84f11.jpg,0615f764b1a84f1160bbaa0da3313c919398278806fffa85ab084a130d568ccc,8547318,4558,6838,0.6666,SG-10,HUMAN_VISUAL_REVIEW_V0.2,TRAIN_REFERENCE,PRODUCT_MAIN_IMAGE,YES_USER_CONFIRMED,,,,,,,,,,,,,PENDING,NOT_EXPOSED
xiaoyu,xiaoyu/3b5ef5a3ee412b9f.jpg,3b5ef5a3ee412b9f6d4e3ca90a04071982726a03a3582c8eae31d5a99f4f992f,7098891,4415,6623,0.6666,SG-10,HUMAN_VISUAL_REVIEW_V0.2,TRAIN_REFERENCE,PRODUCT_MAIN_IMAGE,YES_USER_CONFIRMED,,,,,,,,,,,,,PENDING,NOT_EXPOSED
xiaoyu,xiaoyu/1c7350edaaf739fb.jpg,1c7350edaaf739fb14d6fc744b58e1469a80c3c66382d0d4a9f75084607ad47f,8260733,4558,6838,0.6666,SG-10,HUMAN_VISUAL_REVIEW_V0.2,TRAIN_REFERENCE,PRODUCT_MAIN_IMAGE,YES_USER_CONFIRMED,,,,,,,,,,,,,PENDING,NOT_EXPOSED
xiaoyu,xiaoyu/ed7e06aeba409ec9.jpg,ed7e06aeba409ec9993279fec14978ae997dd72a1cdee628a96914f2e589e027,6970196,4415,6623,0.6666,SG-10,HUMAN_VISUAL_REVIEW_V0.2,TRAIN_REFERENCE,PRODUCT_MAIN_IMAGE,YES_USER_CONFIRMED,,,,,,,,,,,,,PENDING,NOT_EXPOSED
xiaoyu,xiaoyu/67193f9b2d1bd04c.jpg,67193f9b2d1bd04c2643e45dec963d1cea6b318af5e4a530f9a193a22d15fd41,7911039,4558,6838,0.6666,SG-10,HUMAN_VISUAL_REVIEW_V0.2,TRAIN_REFERENCE,PRODUCT_MAIN_IMAGE,YES_USER_CONFIRMED,,,,,,,,,,,,,PENDING,NOT_EXPOSED
xiaoyu,xiaoyu/0d0bce0a4e6fabbd.jpg,0d0bce0a4e6fabbd0fc391f588554316c04bad071d9a032a8616f8d822deddb0,6505281,4432,6648,0.6667,SG-10,HUMAN_VISUAL_REVIEW_V0.2,TRAIN_REFERENCE,PRODUCT_MAIN_IMAGE,YES_USER_CONFIRMED,,,,,,,,,,,,,PENDING,NOT_EXPOSED
xiaoyu,xiaoyu/bf3b715ed1643085.jpg,bf3b715ed16430859c4ed8f4af5610bb6fbad311b36d470882004e0edcdd1879,3224560,4558,6838,0.6666,SG-10,HUMAN_VISUAL_REVIEW_V0.2,TRAIN_REFERENCE,PRODUCT_MAIN_IMAGE,YES_USER_CONFIRMED,,,,,,,,,,,,,PENDING,NOT_EXPOSED
xiaoyu,xiaoyu/9a45bbec59fd734c.jpg,9a45bbec59fd734cd11b4c6da31988358f640ece006c43d4fc04f336fd44d911,6910790,4415,6623,0.6666,SG-10,HUMAN_VISUAL_REVIEW_V0.2,TRAIN_REFERENCE,PRODUCT_MAIN_IMAGE,YES_USER_CONFIRMED,,,,,,,,,,,,,PENDING,NOT_EXPOSED
xiaoyu,xiaoyu/a371b249d2a80a56.jpg,a371b249d2a80a561e83caf86c230885bb3abc3b4a4b30840c60a69d2a4bea4f,6271371,4432,6648,0.6667,SG-10,HUMAN_VISUAL_REVIEW_V0.2,TRAIN_REFERENCE,PRODUCT_MAIN_IMAGE,YES_USER_CONFIRMED,,,,,,,,,,,,,PENDING,NOT_EXPOSED
xiaoyu,xiaoyu/38d4c2a8c91bf9d5.jpg,38d4c2a8c91bf9d5f0b51060f9f3a05e0d5e2db798de55061fef0d50960e982f,1529939,4562,6844,0.6666,SG-11,HUMAN_VISUAL_REVIEW_V0.2,CALIBRATION_REVIEW,PRODUCT_MAIN_IMAGE,YES_USER_CONFIRMED,,,,,,,,,,,,,PENDING,NOT_EXPOSED
xiaoyu,xiaoyu/34ed45f1aea941ac.jpg,34ed45f1aea941aca57f231b104d855578013615362a48f10af1b796fd318331,1525852,4562,6844,0.6666,SG-11,HUMAN_VISUAL_REVIEW_V0.2,CALIBRATION_REVIEW,PRODUCT_MAIN_IMAGE,YES_USER_CONFIRMED,,,,,,,,,,,,,PENDING,NOT_EXPOSED
xiaoyu,xiaoyu/bb92bfcc54a2ad90.jpg,bb92bfcc54a2ad900b64b3b21b3edcc5b3bc4c4fac07fe57c562f99f9fd12f4f,764594,2324,3487,0.6665,SG-11,HUMAN_VISUAL_REVIEW_V0.2,CALIBRATION_REVIEW,PRODUCT_MAIN_IMAGE,YES_USER_CONFIRMED,,,,,,,,,,,,,PENDING,NOT_EXPOSED
xiaoyu,xiaoyu/9e690314ff1924c2.jpg,9e690314ff1924c21ff8b565b0bc5162444a33d044fb790f9cf81dfe078e37f2,1267991,4562,6844,0.6666,SG-11,HUMAN_VISUAL_REVIEW_V0.2,CALIBRATION_REVIEW,PRODUCT_MAIN_IMAGE,YES_USER_CONFIRMED,,,,,,,,,,,,,PENDING,NOT_EXPOSED
xiaoyu,xiaoyu/16d8b72be3b81069.jpg,16d8b72be3b81069bd610c22cf9c5a94fdf49adbfdf251e0eaa9c235b8005d96,1450392,4562,6844,0.6666,SG-11,HUMAN_VISUAL_REVIEW_V0.2,CALIBRATION_REVIEW,PRODUCT_MAIN_IMAGE,YES_USER_CONFIRMED,,,,,,,,,,,,,PENDING,NOT_EXPOSED
xiaoyu,xiaoyu/6b7323112450ebf2.jpg,6b7323112450ebf2a5f93bf90acf9993f0da56a7c02335d25b9c4666d3f22c84,5976505,3000,4000,0.75,SG-12,HUMAN_VISUAL_REVIEW_V0.2,TRAIN_REFERENCE,LIFESTYLE_CAMPAIGN,YES_USER_CONFIRMED,,,,,,,,,,,,,PENDING,NOT_EXPOSED
xiaoyu,xiaoyu/cec15d9de108ef5b.jpg,cec15d9de108ef5b2bc994424e5426b7d0902b0bc12187b19cea90d9ba3913de,5236538,3000,4000,0.75,SG-12,HUMAN_VISUAL_REVIEW_V0.2,TRAIN_REFERENCE,LIFESTYLE_CAMPAIGN,YES_USER_CONFIRMED,,,,,,,,,,,,,PENDING,NOT_EXPOSED
xiaoyu,xiaoyu/0480402367dcd023.jpg,0480402367dcd023ca757efaf54137cdee43533c9f5a0b5d4a66c5d3e06332fb,165188,750,1000,0.75,SG-13,HUMAN_VISUAL_REVIEW_V0.2,EVALUATION_HOLDOUT,PLATFORM_PROMOTION_MAIN_IMAGE,YES_USER_CONFIRMED,,,,,,,,,,,,,PENDING,NOT_EXPOSED
xiaoyu,xiaoyu/5ddc5576f20e514c.jpg,5ddc5576f20e514c8f94251c2d7b80f2721866f47a2b814e0fa5bcee28fa9e4b,5312532,3000,4000,0.75,SG-13,HUMAN_VISUAL_REVIEW_V0.2,EVALUATION_HOLDOUT,LIFESTYLE_CAMPAIGN,YES_USER_CONFIRMED,,,,,,,,,,,,,PENDING,NOT_EXPOSED
xiaoyu,xiaoyu/ce04f9e15089bc37.jpg,ce04f9e15089bc3789c1d638b61261768a69fc33ebb29688a22898830f726c6f,5544846,3000,4000,0.75,SG-13,HUMAN_VISUAL_REVIEW_V0.2,EVALUATION_HOLDOUT,LIFESTYLE_CAMPAIGN,YES_USER_CONFIRMED,,,,,,,,,,,,,PENDING,NOT_EXPOSED
xiaoyu,xiaoyu/0bf3f0ede1c1bd25.jpg,0bf3f0ede1c1bd25f3519779cf67cc63030efab14be8d6e67ebf27856ee05a6b,8961597,8071,10761,0.75,SG-14,HUMAN_VISUAL_REVIEW_V0.2,CALIBRATION_REVIEW,PRODUCT_MAIN_IMAGE,YES_USER_CONFIRMED,,,,,,,,,,,,,PENDING,NOT_EXPOSED
xiaoyu,xiaoyu/f97a128ca11fabfb.jpg,f97a128ca11fabfb3b3cef0deb9474ea7554cee0f5e51a05dcdd92d449d057b4,6262719,8071,10761,0.75,SG-14,HUMAN_VISUAL_REVIEW_V0.2,CALIBRATION_REVIEW,PRODUCT_MAIN_IMAGE,YES_USER_CONFIRMED,,,,,,,,,,,,,PENDING,NOT_EXPOSED
xiaoyu,xiaoyu/bba3927ebf247a85.jpg,bba3927ebf247a853e389f5e532fdd1868d7457d44f3d190c7d4a5bbda8df9d6,6828140,8071,10761,0.75,SG-14,HUMAN_VISUAL_REVIEW_V0.2,CALIBRATION_REVIEW,PRODUCT_MAIN_IMAGE,YES_USER_CONFIRMED,,,,,,,,,,,,,PENDING,NOT_EXPOSED
xiaoyu,xiaoyu/9c8a63f597e6dab5.jpg,9c8a63f597e6dab5b98420446adaa1745700e4ff63a5e6b122d86629fbf8d093,7020043,8071,10761,0.75,SG-14,HUMAN_VISUAL_REVIEW_V0.2,CALIBRATION_REVIEW,PRODUCT_MAIN_IMAGE,YES_USER_CONFIRMED,,,,,,,,,,,,,PENDING,NOT_EXPOSED
xiaoyu,xiaoyu/3455b350affe0e67.jpg,3455b350affe0e67a77f812053b75860870869b3d5817b67e9f2ab5ac7b37d46,6725397,8071,10761,0.75,SG-14,HUMAN_VISUAL_REVIEW_V0.2,CALIBRATION_REVIEW,PRODUCT_MAIN_IMAGE,YES_USER_CONFIRMED,,,,,,,,,,,,,PENDING,NOT_EXPOSED
xiaoyu,xiaoyu/3c7155da4109a5cc.jpg,3c7155da4109a5ccf4177fa1ac1513e5c87b3c4280cf140ff21f588cd46c3372,8338751,8071,10761,0.75,SG-14,HUMAN_VISUAL_REVIEW_V0.2,CALIBRATION_REVIEW,PRODUCT_MAIN_IMAGE,YES_USER_CONFIRMED,,,,,,,,,,,,,PENDING,NOT_EXPOSED
xiaoyu,xiaoyu/eee4ad0ed3a25c31.jpg,eee4ad0ed3a25c3178a0b98e5846e45fe77d22acba598f141775432e2fc409b6,7275248,8071,10761,0.75,SG-14,HUMAN_VISUAL_REVIEW_V0.2,CALIBRATION_REVIEW,PRODUCT_MAIN_IMAGE,YES_USER_CONFIRMED,,,,,,,,,,,,,PENDING,NOT_EXPOSED
xiaoyu,xiaoyu/aaefa83c08ac8519.jpg,aaefa83c08ac8519a496c7aba3ed4fbde8632c996d6407b46e4e988e6e77677a,3763169,8511,11348,0.75,SG-15,HUMAN_VISUAL_REVIEW_V0.2,TRAIN_REFERENCE,PRODUCT_MAIN_IMAGE,YES_USER_CONFIRMED,,,,,,,,,,,,,PENDING,NOT_EXPOSED
xiaoyu,xiaoyu/7cfec31c91eefd55.jpg,7cfec31c91eefd5534222ca08d38aa42ef256494d52ad004c69b0ecf154734d6,4513475,8509,11345,0.75,SG-15,HUMAN_VISUAL_REVIEW_V0.2,TRAIN_REFERENCE,PRODUCT_MAIN_IMAGE,YES_USER_CONFIRMED,,,,,,,,,,,,,PENDING,NOT_EXPOSED
xiaoyu,xiaoyu/f5b26f04232f10a6.jpg,f5b26f04232f10a68c6183f9ca3224aa0513c4d77f9a467db2fbadc96fc9e631,4544763,8510,11346,0.75,SG-15,HUMAN_VISUAL_REVIEW_V0.2,TRAIN_REFERENCE,PRODUCT_MAIN_IMAGE,YES_USER_CONFIRMED,,,,,,,,,,,,,PENDING,NOT_EXPOSED
xiaoyu,xiaoyu/7124861ada7b55af.jpg,7124861ada7b55afa7589e1b706bb70bcc9fc127d63189d650138c127852b0b9,4882809,8514,11352,0.75,SG-15,HUMAN_VISUAL_REVIEW_V0.2,TRAIN_REFERENCE,PRODUCT_MAIN_IMAGE,YES_USER_CONFIRMED,,,,,,,,,,,,,PENDING,NOT_EXPOSED
xiaoyu,xiaoyu/6cb298ef7f297e1b.jpg,6cb298ef7f297e1b95847186f3fdb5bb25ec944271388e5675e55eac2a100f4d,4080788,8159,10878,0.75,SG-15,HUMAN_VISUAL_REVIEW_V0.2,TRAIN_REFERENCE,PRODUCT_MAIN_IMAGE,YES_USER_CONFIRMED,,,,,,,,,,,,,PENDING,NOT_EXPOSED
xiaoyu,xiaoyu/160f3789611e5d18.jpg,160f3789611e5d18cee906bc12fad8045ad1b18ecad3eca1a9dd9a93330bba27,9568223,8510,11347,0.75,SG-15,HUMAN_VISUAL_REVIEW_V0.2,TRAIN_REFERENCE,PRODUCT_MAIN_IMAGE,YES_USER_CONFIRMED,,,,,,,,,,,,,PENDING,NOT_EXPOSED
gwang,gwang/6e977399dd360b69.jpg,6e977399dd360b69d06aadaab910f0bd33e7dee64ea79552cfa161307a21e071,164078,1080,1620,0.6667,GW-S01,HUMAN_VISUAL_REVIEW_V0.2,TRAIN_REFERENCE,PRODUCT_MAIN_IMAGE,YES_USER_CONFIRMED,,,,,,,,,,,,,PENDING,EXPOSED_QWEN_CANARY
gwang,gwang/40c927ba7bf94614.jpg,40c927ba7bf94614fb5986597795922de7b9cfb5d5a222990f9ad0da297c5903,175072,1080,1620,0.6667,GW-S01,HUMAN_VISUAL_REVIEW_V0.2,TRAIN_REFERENCE,PRODUCT_MAIN_IMAGE,YES_USER_CONFIRMED,,,,,,,,,,,,,PENDING,NOT_EXPOSED
gwang,gwang/a8b41d9d05ee2c3e.jpg,a8b41d9d05ee2c3e2392728efb033144d4daab27aaa3c65da082f84505846f5b,143643,1080,1620,0.6667,GW-S01,HUMAN_VISUAL_REVIEW_V0.2,TRAIN_REFERENCE,PRODUCT_MAIN_IMAGE,YES_USER_CONFIRMED,,,,,,,,,,,,,PENDING,NOT_EXPOSED
gwang,gwang/2c76ddc42b8d026f.jpg,2c76ddc42b8d026f2e23fa87cc1b27f661b11d2433a61643cba7a723e13a519c,149595,1080,1620,0.6667,GW-S01,HUMAN_VISUAL_REVIEW_V0.2,TRAIN_REFERENCE,PRODUCT_MAIN_IMAGE,YES_USER_CONFIRMED,,,,,,,,,,,,,PENDING,NOT_EXPOSED
gwang,gwang/fa6db5bc22ee2734.jpg,fa6db5bc22ee273427c6c540632ed51779b6a533730bcdccd4e65b35d466d097,173960,1080,1620,0.6667,GW-S01,HUMAN_VISUAL_REVIEW_V0.2,TRAIN_REFERENCE,PRODUCT_MAIN_IMAGE,YES_USER_CONFIRMED,,,,,,,,,,,,,PENDING,NOT_EXPOSED
gwang,gwang/9785cfc4cf3440bc.jpg,9785cfc4cf3440bc0a113276ce15802fce30d60a1b75171b4b81901fbe80772a,441681,1620,1080,1.5,GW-S02,HUMAN_VISUAL_REVIEW_V0.2,TRAIN_REFERENCE,LIFESTYLE_CAMPAIGN,YES_USER_CONFIRMED,,,,,,,,,,,,,PENDING,EXPOSED_QWEN_CANARY
gwang,gwang/794935cc5aaa1d9f.jpg,794935cc5aaa1d9f5b03e0bdb338e4d19410d5b46ea34bb22d840485ede0798f,300547,1080,1438,0.751,GW-S02,HUMAN_VISUAL_REVIEW_V0.2,TRAIN_REFERENCE,LIFESTYLE_CAMPAIGN,YES_USER_CONFIRMED,,,,,,,,,,,,,PENDING,NOT_EXPOSED
gwang,gwang/e3d72fc690ba7d9b.jpg,e3d72fc690ba7d9b735f4a45161e91c500dafd0850ed9d804191fb81a38d5636,292699,1080,1438,0.751,GW-S02,HUMAN_VISUAL_REVIEW_V0.2,TRAIN_REFERENCE,LIFESTYLE_CAMPAIGN,YES_USER_CONFIRMED,,,,,,,,,,,,,PENDING,NOT_EXPOSED
gwang,gwang/e58458f8dae65d23.jpg,e58458f8dae65d2327df67356235674ce0736a18b81aa3c1fd69052e4c1cdb49,300949,1440,1080,1.3333,GW-S02,HUMAN_VISUAL_REVIEW_V0.2,TRAIN_REFERENCE,LIFESTYLE_CAMPAIGN,YES_USER_CONFIRMED,,,,,,,,,,,,,PENDING,NOT_EXPOSED
gwang,gwang/1cd748f16e834df0.jpg,1cd748f16e834df0d49c027f0bb3f7a9f384e4b8b18984320fe121bb66524da9,188838,1080,1618,0.6675,GW-S03,HUMAN_VISUAL_REVIEW_V0.2,EVALUATION_HOLDOUT,LIFESTYLE_CAMPAIGN,YES_USER_CONFIRMED,,,,,,,,,,,,,PENDING,NOT_EXPOSED
gwang,gwang/8bd619ce05baff6e.jpg,8bd619ce05baff6e993ebc12b39823e6231fbb61d9c2b4d55b6f907ee8830840,242009,1080,1618,0.6675,GW-S03,HUMAN_VISUAL_REVIEW_V0.2,EVALUATION_HOLDOUT,LIFESTYLE_CAMPAIGN,YES_USER_CONFIRMED,,,,,,,,,,,,,PENDING,NOT_EXPOSED
gwang,gwang/2590fca5ee4b45c6.jpg,2590fca5ee4b45c6fcdef9d361904b724ef5f06d711d67e94970b7444e2010d0,111012,1080,1618,0.6675,GW-S03,HUMAN_VISUAL_REVIEW_V0.2,EVALUATION_HOLDOUT,LIFESTYLE_CAMPAIGN,YES_USER_CONFIRMED,,,,,,,,,,,,,PENDING,NOT_EXPOSED
gwang,gwang/1c577045771119b9.jpg,1c577045771119b9cfc683751e9e44beb42f9194b444201022a78b45af2e709d,3460924,2561,3415,0.7499,GW-S04,HUMAN_VISUAL_REVIEW_V0.2,TRAIN_REFERENCE,PRODUCT_MAIN_IMAGE,YES_USER_CONFIRMED,,,,,,,,,,,,,PENDING,EXPOSED_QWEN_CANARY
gwang,gwang/eea0d3980d2908fc.jpg,eea0d3980d2908fc6d97dae1f92067e3b8a44c4cf21ec431707e83dad3ee22c3,2663918,2440,3247,0.7515,GW-S04,HUMAN_VISUAL_REVIEW_V0.2,TRAIN_REFERENCE,PRODUCT_MAIN_IMAGE,YES_USER_CONFIRMED,,,,,,,,,,,,,PENDING,NOT_EXPOSED
gwang,gwang/1658b896abc77eef.jpg,1658b896abc77eefbfc6ead3be7d7a31131c7e4a2764c2e921da0f823dd42672,2363874,2641,3507,0.7531,GW-S04,HUMAN_VISUAL_REVIEW_V0.2,TRAIN_REFERENCE,PRODUCT_MAIN_IMAGE,YES_USER_CONFIRMED,,,,,,,,,,,,,PENDING,NOT_EXPOSED
gwang,gwang/29c8d529286cf093.jpg,29c8d529286cf093e0b05012208da98d333f5b552021c26df760be6abd290c6a,2354969,2503,3215,0.7785,GW-S04,HUMAN_VISUAL_REVIEW_V0.2,TRAIN_REFERENCE,PRODUCT_MAIN_IMAGE,YES_USER_CONFIRMED,,,,,,,,,,,,,PENDING,NOT_EXPOSED
gwang,gwang/a2e1c97ab37cdd20.jpg,a2e1c97ab37cdd205d370ae4e9405ea630eb4bdf90ae2ef2e4f1bfaa8900efad,2117591,2292,3087,0.7425,GW-S04,HUMAN_VISUAL_REVIEW_V0.2,TRAIN_REFERENCE,PRODUCT_MAIN_IMAGE,YES_USER_CONFIRMED,,,,,,,,,,,,,PENDING,NOT_EXPOSED
gwang,gwang/1b41c7db21a82905.jpg,1b41c7db21a82905ca926014293ab6adaa6c4500c77b9d7fa5dbdc7940814b2c,3992007,2948,3930,0.7501,GW-S04,HUMAN_VISUAL_REVIEW_V0.2,TRAIN_REFERENCE,PRODUCT_MAIN_IMAGE,YES_USER_CONFIRMED,,,,,,,,,,,,,PENDING,NOT_EXPOSED
gwang,gwang/fdfa78ce8da224b2.jpg,fdfa78ce8da224b232ee19b267124fae907576fde8040aabda20434d5dc6ce0e,1695553,2656,3519,0.7548,GW-S05,HUMAN_VISUAL_REVIEW_V0.2,CALIBRATION_REVIEW,PRODUCT_MAIN_IMAGE,YES_USER_CONFIRMED,,,,,,,,,,,,,PENDING,NOT_EXPOSED
gwang,gwang/71adbf9527555a96.jpg,71adbf9527555a9682dfbbdfa47d47cacf8ed1a10d30d6c4027a39857ee6140f,1953639,2681,3555,0.7541,GW-S05,HUMAN_VISUAL_REVIEW_V0.2,CALIBRATION_REVIEW,PRODUCT_MAIN_IMAGE,YES_USER_CONFIRMED,,,,,,,,,,,,,PENDING,NOT_EXPOSED
gwang,gwang/00bf64e6b72e08e3.jpg,00bf64e6b72e08e358fbfa26ca1838cc1fe03339f54f0165dbadc242f46ab7a4,2086398,2651,3510,0.7553,GW-S05,HUMAN_VISUAL_REVIEW_V0.2,CALIBRATION_REVIEW,PRODUCT_MAIN_IMAGE,YES_USER_CONFIRMED,,,,,,,,,,,,,PENDING,NOT_EXPOSED
gwang,gwang/3f4c617ae5886bb9.jpg,3f4c617ae5886bb91e728004cb10ab1d7477692814a2440d38b665a5bb7c3b4c,1648465,2629,3485,0.7544,GW-S05,HUMAN_VISUAL_REVIEW_V0.2,CALIBRATION_REVIEW,PRODUCT_MAIN_IMAGE,YES_USER_CONFIRMED,,,,,,,,,,,,,PENDING,NOT_EXPOSED
gwang,gwang/b96d5b7fcc5e55e1.jpg,b96d5b7fcc5e55e100f57f90d7290a3e9f6661c0108f83073949f956e33ce08d,3638247,2645,3508,0.754,GW-S06,HUMAN_VISUAL_REVIEW_V0.2,CALIBRATION_REVIEW,PRODUCT_MAIN_IMAGE,YES_USER_CONFIRMED,,,,,,,,,,,,,PENDING,NOT_EXPOSED
gwang,gwang/ecd6cc5181d4f860.jpg,ecd6cc5181d4f860d1c99df4336ede9b92edc7370fe17045ec0b229b5304a638,3508343,2655,3509,0.7566,GW-S06,HUMAN_VISUAL_REVIEW_V0.2,CALIBRATION_REVIEW,PRODUCT_MAIN_IMAGE,YES_USER_CONFIRMED,,,,,,,,,,,,,PENDING,NOT_EXPOSED
gwang,gwang/28ab79fa1be33331.jpg,28ab79fa1be33331d8a6d1daa2439f0f76e2e4e0072fb389f1c93deed2b0111b,2179395,2498,3335,0.749,GW-S06,HUMAN_VISUAL_REVIEW_V0.2,CALIBRATION_REVIEW,PRODUCT_MAIN_IMAGE,YES_USER_CONFIRMED,,,,,,,,,,,,,PENDING,NOT_EXPOSED
gwang,gwang/61f4f93d79f585d0.jpg,61f4f93d79f585d0fde1ed6443d48d4a86b446a3d24154928f78303ca373f30b,93442,1080,1440,0.75,GW-S07,HUMAN_VISUAL_REVIEW_V0.2,TRAIN_REFERENCE,PRODUCT_MAIN_IMAGE,YES_USER_CONFIRMED,,,,,,,,,,,,,PENDING,NOT_EXPOSED
gwang,gwang/be9e771fa0fb6d33.jpg,be9e771fa0fb6d3353f7c66ffc1b6e5afa3c917a1af033583f5be2e4f81952d6,91507,1080,1440,0.75,GW-S07,HUMAN_VISUAL_REVIEW_V0.2,TRAIN_REFERENCE,PRODUCT_MAIN_IMAGE,YES_USER_CONFIRMED,,,,,,,,,,,,,PENDING,NOT_EXPOSED
gwang,gwang/53e71495e0b1f07a.jpg,53e71495e0b1f07a75b06b2e0bbddcad9d6874108c0171be9fe2b306513a19a9,87312,1080,1448,0.7459,GW-S07,HUMAN_VISUAL_REVIEW_V0.2,TRAIN_REFERENCE,PRODUCT_MAIN_IMAGE,YES_USER_CONFIRMED,,,,,,,,,,,,,PENDING,NOT_EXPOSED
gwang,gwang/08d70445e169de62.jpg,08d70445e169de62b1106a9d3f6499b3e69124b83851b66989dd22fe7f1b0beb,165503,1080,1440,0.75,GW-S07,HUMAN_VISUAL_REVIEW_V0.2,TRAIN_REFERENCE,PRODUCT_MAIN_IMAGE,YES_USER_CONFIRMED,,,,,,,,,,,,,PENDING,NOT_EXPOSED
gwang,gwang/809309016db920bc.jpg,809309016db920bc15419e0e8b8c300ea1ec2514cd134bbdc7acfa9456af2125,130569,1080,1440,0.75,GW-S07,HUMAN_VISUAL_REVIEW_V0.2,TRAIN_REFERENCE,PRODUCT_MAIN_IMAGE,YES_USER_CONFIRMED,,,,,,,,,,,,,PENDING,NOT_EXPOSED
gwang,gwang/97228a1c5d3f91ee.jpg,97228a1c5d3f91ee351ba939fe9f36b2160018ef55b37b00114120eaf17f6bc2,119326,1080,1440,0.75,GW-S07,HUMAN_VISUAL_REVIEW_V0.2,TRAIN_REFERENCE,PRODUCT_MAIN_IMAGE,YES_USER_CONFIRMED,,,,,,,,,,,,,PENDING,NOT_EXPOSED
gwang,gwang/7849729ac4f4cffa.jpg,7849729ac4f4cffa68fbd5aac88e463a9ef7510cdd10091c3311342a23b1e845,104736,1080,1440,0.75,GW-S07,HUMAN_VISUAL_REVIEW_V0.2,TRAIN_REFERENCE,PRODUCT_MAIN_IMAGE,YES_USER_CONFIRMED,,,,,,,,,,,,,PENDING,NOT_EXPOSED
gwang,gwang/af3b35b8349cd940.jpg,af3b35b8349cd94020ddbe4aa5250b85ab82f907d9c174816f55e2c21c6628b3,124554,1080,1448,0.7459,GW-S07,HUMAN_VISUAL_REVIEW_V0.2,TRAIN_REFERENCE,PRODUCT_MAIN_IMAGE,YES_USER_CONFIRMED,,,,,,,,,,,,,PENDING,NOT_EXPOSED
gwang,gwang/870081aa253b1718.jpg,870081aa253b17181f30bb916aa86861e61739d4548f9431f41561571338751a,156670,1620,1080,1.5,GW-S08,HUMAN_VISUAL_REVIEW_V0.2,CALIBRATION_REVIEW,AESTHETIC_REFERENCE,YES_USER_CONFIRMED,,,,,,,,,,,,,PENDING,NOT_EXPOSED
gwang,gwang/02bcb64049bba8dd.jpg,02bcb64049bba8ddfd1b88f64a4c4a7acd13fbed8e49b579ffa19dde994746e9,171320,1080,1620,0.6667,GW-S09,HUMAN_VISUAL_REVIEW_V0.2,CALIBRATION_REVIEW,PRODUCT_MAIN_IMAGE,YES_USER_CONFIRMED,,,,,,,,,,,,,PENDING,NOT_EXPOSED
gwang,gwang/d38e5223a40f7962.jpg,d38e5223a40f7962abe5e160be790f784d807e7ab8b527297fb94bbd7e428e91,226058,1080,1620,0.6667,GW-S09,HUMAN_VISUAL_REVIEW_V0.2,CALIBRATION_REVIEW,PRODUCT_MAIN_IMAGE,YES_USER_CONFIRMED,,,,,,,,,,,,,PENDING,NOT_EXPOSED
gwang,gwang/197ab1b1fc3962aa.jpg,197ab1b1fc3962aad4b3042b78b71cff275179015644fef25d3fdd81ddaa8dc8,155710,1080,1620,0.6667,GW-S09,HUMAN_VISUAL_REVIEW_V0.2,CALIBRATION_REVIEW,PRODUCT_MAIN_IMAGE,YES_USER_CONFIRMED,,,,,,,,,,,,,PENDING,NOT_EXPOSED
gwang,gwang/02c0590e965e56e4.jpg,02c0590e965e56e4d861cfe05fc24afc6ab5bef6aa381670bf436f386a75b268,186863,1054,672,1.5685,GW-S10,HUMAN_VISUAL_REVIEW_V0.2,TRAIN_REFERENCE,AESTHETIC_REFERENCE,YES_USER_CONFIRMED,,,,,,,,,,,,,PENDING,NOT_EXPOSED
gwang,gwang/f841c407464fab17.jpg,f841c407464fab1707c6d468470d524657badb8daf5f8269913fcb4e047ef464,474965,1080,1620,0.6667,GW-S10,HUMAN_VISUAL_REVIEW_V0.2,TRAIN_REFERENCE,AESTHETIC_REFERENCE,YES_USER_CONFIRMED,,,,,,,,,,,,,PENDING,NOT_EXPOSED
gwang,gwang/a46957180ecbbeda.jpg,a46957180ecbbedaf03421ac90c433682650e90132b8d54285085ca8896d6935,331194,1620,1080,1.5,GW-S10,HUMAN_VISUAL_REVIEW_V0.2,TRAIN_REFERENCE,AESTHETIC_REFERENCE,YES_USER_CONFIRMED,,,,,,,,,,,,,PENDING,NOT_EXPOSED
gwang,gwang/700d190d8cf52b9e.jpg,700d190d8cf52b9ec8a086613943e6dbf8e18c80ab277c9b484a604b77d4c5b8,392117,1080,1620,0.6667,GW-S10,HUMAN_VISUAL_REVIEW_V0.2,TRAIN_REFERENCE,AESTHETIC_REFERENCE,YES_USER_CONFIRMED,,,,,,,,,,,,,PENDING,EXPOSED_QWEN_CANARY
gwang,gwang/e68d79f210c4b800.jpg,e68d79f210c4b800c727d81cd5d9f460fdfb065133e51953cdcd330099a164b3,215588,1620,1080,1.5,GW-S10,HUMAN_VISUAL_REVIEW_V0.2,TRAIN_REFERENCE,AESTHETIC_REFERENCE,YES_USER_CONFIRMED,,,,,,,,,,,,,PENDING,NOT_EXPOSED
gwang,gwang/5eb5e5f831a77747.jpg,5eb5e5f831a77747c08982b757ba9c71a5e8c9f855b3c486967d21ebf1f41757,230408,1080,1618,0.6675,GW-S10,HUMAN_VISUAL_REVIEW_V0.2,TRAIN_REFERENCE,AESTHETIC_REFERENCE,YES_USER_CONFIRMED,,,,,,,,,,,,,PENDING,NOT_EXPOSED
gwang,gwang/44d9eec4d92fce81.jpg,44d9eec4d92fce817336389c543dbfb11066f734228d28281f3c3922b421b1aa,502441,1080,1618,0.6675,GW-S10,HUMAN_VISUAL_REVIEW_V0.2,TRAIN_REFERENCE,AESTHETIC_REFERENCE,YES_USER_CONFIRMED,,,,,,,,,,,,,PENDING,NOT_EXPOSED
gwang,gwang/5483162eee6f23f5.jpg,5483162eee6f23f5c41310c6d66e611434f0191fa4f99c690b45d536990ac690,249113,1618,1080,1.4981,GW-S10,HUMAN_VISUAL_REVIEW_V0.2,TRAIN_REFERENCE,AESTHETIC_REFERENCE,YES_USER_CONFIRMED,,,,,,,,,,,,,PENDING,NOT_EXPOSED
gwang,gwang/b02c7b5d8865b7cc.jpg,b02c7b5d8865b7cc5694533fa1a50297557b60849a88c15cc90e57999054147b,241267,1080,1618,0.6675,GW-S10,HUMAN_VISUAL_REVIEW_V0.2,TRAIN_REFERENCE,AESTHETIC_REFERENCE,YES_USER_CONFIRMED,,,,,,,,,,,,,PENDING,NOT_EXPOSED
gwang,gwang/8116aa308eb7b160.jpg,8116aa308eb7b160da9074478e74e24de8d98677e1d9faa067a1287971184287,26704038,4420,6627,0.667,GW-S11,HUMAN_VISUAL_REVIEW_V0.2,TRAIN_REFERENCE,LIFESTYLE_CAMPAIGN,YES_USER_CONFIRMED,,,,,,,,,,,,,PENDING,NOT_EXPOSED
gwang,gwang/05434756f3a20252.jpg,05434756f3a20252335874c85c0880e32e653a93c06cfdafd30f10781ba9f6ec,14237129,3186,4777,0.6669,GW-S11,HUMAN_VISUAL_REVIEW_V0.2,TRAIN_REFERENCE,LIFESTYLE_CAMPAIGN,YES_USER_CONFIRMED,,,,,,,,,,,,,PENDING,NOT_EXPOSED
gwang,gwang/801daa0dbf231ccb.jpg,801daa0dbf231ccbf87f486a651b51d2edba43e5d5c3485f738669f2a042c93b,13689678,3186,4777,0.6669,GW-S11,HUMAN_VISUAL_REVIEW_V0.2,TRAIN_REFERENCE,LIFESTYLE_CAMPAIGN,YES_USER_CONFIRMED,,,,,,,,,,,,,PENDING,NOT_EXPOSED
gwang,gwang/863520597bcc260d.jpg,863520597bcc260d1d9574e644569dc15b915961119350d6ddbd1e2b60558cb4,14092710,3186,4777,0.6669,GW-S11,HUMAN_VISUAL_REVIEW_V0.2,TRAIN_REFERENCE,LIFESTYLE_CAMPAIGN,YES_USER_CONFIRMED,,,,,,,,,,,,,PENDING,NOT_EXPOSED
gwang,gwang/d5caf692695065fe.jpg,d5caf692695065fe8e22e316c7afaa19efcade1860ce4a3cdbf2ca7c016510d3,15275734,3186,4777,0.6669,GW-S11,HUMAN_VISUAL_REVIEW_V0.2,TRAIN_REFERENCE,LIFESTYLE_CAMPAIGN,YES_USER_CONFIRMED,,,,,,,,,,,,,PENDING,NOT_EXPOSED
gwang,gwang/14a6d3da9c31435c.jpg,14a6d3da9c31435ce955bc671f2fa40050527e51c3e62bcec8213533a9a0e136,13187769,3186,4777,0.6669,GW-S11,HUMAN_VISUAL_REVIEW_V0.2,TRAIN_REFERENCE,LIFESTYLE_CAMPAIGN,YES_USER_CONFIRMED,,,,,,,,,,,,,PENDING,NOT_EXPOSED
gwang,gwang/90d18469a3b5fe9d.jpg,90d18469a3b5fe9dd5c339039bf96668530e6b4bf38756ad03d4b911efa70e0c,15157580,3186,4777,0.6669,GW-S11,HUMAN_VISUAL_REVIEW_V0.2,TRAIN_REFERENCE,LIFESTYLE_CAMPAIGN,YES_USER_CONFIRMED,,,,,,,,,,,,,PENDING,NOT_EXPOSED
gwang,gwang/a3857526863124dc.jpg,a3857526863124dc382788e6e48b26207b7450aa17d883457e9179bbf79fe24d,14726149,3186,4777,0.6669,GW-S11,HUMAN_VISUAL_REVIEW_V0.2,TRAIN_REFERENCE,LIFESTYLE_CAMPAIGN,YES_USER_CONFIRMED,,,,,,,,,,,,,PENDING,NOT_EXPOSED
gwang,gwang/daff06c4dc0862e0.jpg,daff06c4dc0862e08f5a599ccadc3806f42395a87c39cf89ce04b32d5f2c4e3f,12952878,3186,4777,0.6669,GW-S11,HUMAN_VISUAL_REVIEW_V0.2,TRAIN_REFERENCE,LIFESTYLE_CAMPAIGN,YES_USER_CONFIRMED,,,,,,,,,,,,,PENDING,NOT_EXPOSED
gwang,gwang/d3259ed51c2b0aef.jpg,d3259ed51c2b0aef2348b374d00e1e1f5fd32319a44b1d7b86cd42ae8de3ddf3,26041330,3945,5914,0.6671,GW-S11,HUMAN_VISUAL_REVIEW_V0.2,TRAIN_REFERENCE,LIFESTYLE_CAMPAIGN,YES_USER_CONFIRMED,,,,,,,,,,,,,PENDING,NOT_EXPOSED
gwang,gwang/a7fed07f519b9165.jpg,a7fed07f519b9165a05e21ace0730f571ed051e2ebb2895b65633806c7e89bc6,15009617,3186,4777,0.6669,GW-S11,HUMAN_VISUAL_REVIEW_V0.2,TRAIN_REFERENCE,LIFESTYLE_CAMPAIGN,YES_USER_CONFIRMED,,,,,,,,,,,,,PENDING,NOT_EXPOSED
gwang,gwang/61fcdf722fc3fdeb.jpg,61fcdf722fc3fdeb08a7b6b27071a0a205b0a1f061cf5bf00a422fa813ab5aa5,15620174,3186,4777,0.6669,GW-S11,HUMAN_VISUAL_REVIEW_V0.2,TRAIN_REFERENCE,LIFESTYLE_CAMPAIGN,YES_USER_CONFIRMED,,,,,,,,,,,,,PENDING,NOT_EXPOSED
gwang,gwang/a0e41a7685d18840.jpg,a0e41a7685d18840ac5439f3b546ae56fb94ef24a8a68872f12eba2a8f4cdd69,40668516,5245,7863,0.667,GW-S11,HUMAN_VISUAL_REVIEW_V0.2,TRAIN_REFERENCE,LIFESTYLE_CAMPAIGN,YES_USER_CONFIRMED,,,,,,,,,,,,,PENDING,NOT_EXPOSED
gwang,gwang/22ebd22b006a9696.jpg,22ebd22b006a9696839c815d8cb2f616a58bb1fbfbd9024e1a10dd74b33ea84a,14792310,3186,4777,0.6669,GW-S11,HUMAN_VISUAL_REVIEW_V0.2,TRAIN_REFERENCE,LIFESTYLE_CAMPAIGN,YES_USER_CONFIRMED,,,,,,,,,,,,,PENDING,NOT_EXPOSED
gwang,gwang/cb3f691917a743b2.jpg,cb3f691917a743b21a8da2bed097aeccb1ae1c29448fefd069394e5042affc80,14489297,3186,4777,0.6669,GW-S11,HUMAN_VISUAL_REVIEW_V0.2,TRAIN_REFERENCE,LIFESTYLE_CAMPAIGN,YES_USER_CONFIRMED,,,,,,,,,,,,,PENDING,NOT_EXPOSED
gwang,gwang/6f8feb0d3869263e.jpg,6f8feb0d3869263ed63980669085ec0a43e44475bdd84cc8c73c7642967760dd,14878437,3186,4777,0.6669,GW-S11,HUMAN_VISUAL_REVIEW_V0.2,TRAIN_REFERENCE,LIFESTYLE_CAMPAIGN,YES_USER_CONFIRMED,,,,,,,,,,,,,PENDING,NOT_EXPOSED
gwang,gwang/4a970b5841f5873e.jpg,4a970b5841f5873e177ce2f6b13f744f01537c65f603ee666cacc159a434a6bb,14000379,3186,4777,0.6669,GW-S11,HUMAN_VISUAL_REVIEW_V0.2,TRAIN_REFERENCE,LIFESTYLE_CAMPAIGN,YES_USER_CONFIRMED,,,,,,,,,,,,,PENDING,NOT_EXPOSED
gwang,gwang/2df4cf56ef85dc2a.jpg,2df4cf56ef85dc2afdd36295117dae6f9302295269f21bac6b076e08d516ba98,15407708,3186,4777,0.6669,GW-S11,HUMAN_VISUAL_REVIEW_V0.2,TRAIN_REFERENCE,LIFESTYLE_CAMPAIGN,YES_USER_CONFIRMED,,,,,,,,,,,,,PENDING,NOT_EXPOSED
gwang,gwang/48a272b85ac203d1.jpg,48a272b85ac203d107ba331427a5a17b4fcbac6428f24118aa2fbdd590846086,41440759,5245,7863,0.667,GW-S11,HUMAN_VISUAL_REVIEW_V0.2,TRAIN_REFERENCE,LIFESTYLE_CAMPAIGN,YES_USER_CONFIRMED,,,,,,,,,,,,,PENDING,NOT_EXPOSED
gwang,gwang/001f043f451a4340.jpg,001f043f451a43409d4fdc09b39ce5f915f8e27582dd9a7ed66b050ddd6a462e,41274853,7586,5464,1.3884,GW-S11,HUMAN_VISUAL_REVIEW_V0.2,TRAIN_REFERENCE,LIFESTYLE_CAMPAIGN,YES_USER_CONFIRMED,,,,,,,,,,,,,PENDING,NOT_EXPOSED
gwang,gwang/04c1d2ebc57c227a.jpg,04c1d2ebc57c227a47a86da0ed2b855596c1a349f5254c386351bb967a215cff,39944153,7396,5464,1.3536,GW-S11,HUMAN_VISUAL_REVIEW_V0.2,TRAIN_REFERENCE,LIFESTYLE_CAMPAIGN,YES_USER_CONFIRMED,,,,,,,,,,,,,PENDING,NOT_EXPOSED
gwang,gwang/2f201564ef51d279.jpg,2f201564ef51d27932287fd394590d0a8303b84668ce6a95e996713d21bd23fc,28524573,5803,5041,1.1512,GW-S11,HUMAN_VISUAL_REVIEW_V0.2,TRAIN_REFERENCE,LIFESTYLE_CAMPAIGN,YES_USER_CONFIRMED,,,,,,,,,,,,,PENDING,NOT_EXPOSED
gwang,gwang/77536a9fed452c4c.jpg,77536a9fed452c4c9a453c13ccec0682ec2945a567a3af4e24494fddaab4f0eb,13987918,3186,4777,0.6669,GW-S11,HUMAN_VISUAL_REVIEW_V0.2,TRAIN_REFERENCE,LIFESTYLE_CAMPAIGN,YES_USER_CONFIRMED,,,,,,,,,,,,,PENDING,NOT_EXPOSED
gwang,gwang/7b746fa40ac4e314.jpg,7b746fa40ac4e3142c83d75784e67c058e5c473c929004e1832e6f8dbf0c5ea7,13947963,3186,4777,0.6669,GW-S11,HUMAN_VISUAL_REVIEW_V0.2,TRAIN_REFERENCE,LIFESTYLE_CAMPAIGN,YES_USER_CONFIRMED,,,,,,,,,,,,,PENDING,NOT_EXPOSED
gwang,gwang/b9f33e42313c85ce.jpg,b9f33e42313c85ceab8cd32a249f71fa02d2df033354cbcac5221040a225903c,35348730,5076,7611,0.6669,GW-S11,HUMAN_VISUAL_REVIEW_V0.2,TRAIN_REFERENCE,LIFESTYLE_CAMPAIGN,YES_USER_CONFIRMED,,,,,,,,,,,,,PENDING,NOT_EXPOSED
gwang,gwang/839727ed4abfb094.jpg,839727ed4abfb094fa26380bfdbd96054b3d2b9ec7beefeea3b6638d7b86af27,13483915,3186,4777,0.6669,GW-S11,HUMAN_VISUAL_REVIEW_V0.2,TRAIN_REFERENCE,LIFESTYLE_CAMPAIGN,YES_USER_CONFIRMED,,,,,,,,,,,,,PENDING,NOT_EXPOSED
gwang,gwang/5f346b4d3d792d1a.jpg,5f346b4d3d792d1a818e00e23111c0b8e9c5f078c2072b6564d035edf9a83744,14052789,3146,4716,0.6671,GW-S11,HUMAN_VISUAL_REVIEW_V0.2,TRAIN_REFERENCE,LIFESTYLE_CAMPAIGN,YES_USER_CONFIRMED,,,,,,,,,,,,,PENDING,NOT_EXPOSED
gwang,gwang/3821ddcc68d43267.jpg,3821ddcc68d432678d31b7e82f76d99a08a9d8fa4275d0ed8d17e9b4a5474309,14082704,3186,4777,0.6669,GW-S11,HUMAN_VISUAL_REVIEW_V0.2,TRAIN_REFERENCE,LIFESTYLE_CAMPAIGN,YES_USER_CONFIRMED,,,,,,,,,,,,,PENDING,NOT_EXPOSED
gwang,gwang/a996d86b4f00d810.jpg,a996d86b4f00d8105152cc1bb9a27995ba30d6eb73a916babd500e20fdaaed44,13476980,3186,4777,0.6669,GW-S11,HUMAN_VISUAL_REVIEW_V0.2,TRAIN_REFERENCE,LIFESTYLE_CAMPAIGN,YES_USER_CONFIRMED,,,,,,,,,,,,,PENDING,NOT_EXPOSED
gwang,gwang/0a08a1ec87c3d05a.jpg,0a08a1ec87c3d05a595409d2fef3884e8dfebb06e8bae6f3a7b3ea60718ad9e1,15411583,3186,4777,0.6669,GW-S11,HUMAN_VISUAL_REVIEW_V0.2,TRAIN_REFERENCE,LIFESTYLE_CAMPAIGN,YES_USER_CONFIRMED,,,,,,,,,,,,,PENDING,NOT_EXPOSED
gwang,gwang/618130085306a648.jpg,618130085306a64898b983c3699b395ee79061447c97a0f9b4fed809489551a5,46535865,5024,7877,0.6378,GW-S11,HUMAN_VISUAL_REVIEW_V0.2,TRAIN_REFERENCE,LIFESTYLE_CAMPAIGN,YES_USER_CONFIRMED,,,,,,,,,,,,,PENDING,NOT_EXPOSED
gwang,gwang/7630bb540c062a95.jpg,7630bb540c062a9591791a0b3d2790c65ee844c61ffcf8a46cd7e5ffcb8118a6,16092833,3186,4777,0.6669,GW-S11,HUMAN_VISUAL_REVIEW_V0.2,TRAIN_REFERENCE,LIFESTYLE_CAMPAIGN,YES_USER_CONFIRMED,,,,,,,,,,,,,PENDING,NOT_EXPOSED
gwang,gwang/73d7d39fb5169696.jpg,73d7d39fb516969601bdc5979c289342f69055ae484c606d23496f89a0600bd2,27242437,5350,8021,0.667,GW-S11,HUMAN_VISUAL_REVIEW_V0.2,TRAIN_REFERENCE,LIFESTYLE_CAMPAIGN,YES_USER_CONFIRMED,,,,,,,,,,,,,PENDING,NOT_EXPOSED
gwang,gwang/099d536fa3123430.jpg,099d536fa31234301695fbf9dd90776a31fdb73d8ce2dc319a2f8cee01be41a2,36415283,4896,7341,0.6669,GW-S11,HUMAN_VISUAL_REVIEW_V0.2,TRAIN_REFERENCE,LIFESTYLE_CAMPAIGN,YES_USER_CONFIRMED,,,,,,,,,,,,,PENDING,NOT_EXPOSED
gwang,gwang/2f51f9b8c6a6dd19.jpg,2f51f9b8c6a6dd1915f5e5fdcc6ced2b7b6e00bd0ea17af5a7e5a66f87f79cbb,31220063,4638,6954,0.667,GW-S11,HUMAN_VISUAL_REVIEW_V0.2,TRAIN_REFERENCE,LIFESTYLE_CAMPAIGN,YES_USER_CONFIRMED,,,,,,,,,,,,,PENDING,NOT_EXPOSED
gwang,gwang/c93c46fb03ac7db9.jpg,c93c46fb03ac7db96b27dbf22b22b7453bc5135e794f58ff89915daa5ce7d494,14629187,3186,4777,0.6669,GW-S11,HUMAN_VISUAL_REVIEW_V0.2,TRAIN_REFERENCE,LIFESTYLE_CAMPAIGN,YES_USER_CONFIRMED,,,,,,,,,,,,,PENDING,NOT_EXPOSED
gwang,gwang/ac62978889c282d6.jpg,ac62978889c282d6e4dd14d2232a64f51470bfe1b9931cd9b628cbe79c137fae,31625197,5054,6738,0.7501,GW-S11,HUMAN_VISUAL_REVIEW_V0.2,TRAIN_REFERENCE,LIFESTYLE_CAMPAIGN,YES_USER_CONFIRMED,,,,,,,,,,,,,PENDING,NOT_EXPOSED
gwang,gwang/9a2eac0378c1f9e6.jpg,9a2eac0378c1f9e675b0ccdcf430fb103a3760d3622480531810719cf8e16305,38939462,5019,7919,0.6338,GW-S11,HUMAN_VISUAL_REVIEW_V0.2,TRAIN_REFERENCE,LIFESTYLE_CAMPAIGN,YES_USER_CONFIRMED,,,,,,,,,,,,,PENDING,NOT_EXPOSED
gwang,gwang/5c4f2eb9962a5460.jpg,5c4f2eb9962a546070d609261503db2bef97e3c38b499b804b3370f266f304e9,197715,1080,1620,0.6667,GW-S12,HUMAN_VISUAL_REVIEW_V0.2,CALIBRATION_REVIEW,LIFESTYLE_CAMPAIGN,YES_USER_CONFIRMED,,,,,,,,,,,,,PENDING,NOT_EXPOSED
gwang,gwang/296052292aabccea.jpg,296052292aabccea36aeec971b5911f74e93a41c89655025acd245227bbc0718,194444,1080,1620,0.6667,GW-S12,HUMAN_VISUAL_REVIEW_V0.2,CALIBRATION_REVIEW,LIFESTYLE_CAMPAIGN,YES_USER_CONFIRMED,,,,,,,,,,,,,PENDING,NOT_EXPOSED
gwang,gwang/45f8b9f6d13e5543.jpg,45f8b9f6d13e5543460e74a31d980e259bf22903058928a0b4e28140a067d9e3,388027,1620,1080,1.5,GW-S12,HUMAN_VISUAL_REVIEW_V0.2,CALIBRATION_REVIEW,LIFESTYLE_CAMPAIGN,YES_USER_CONFIRMED,,,,,,,,,,,,,PENDING,NOT_EXPOSED
gwang,gwang/349832fbc3948bd3.jpg,349832fbc3948bd3ff4f350246f9550222832801c59624758802687eccecbba4,224741,1080,1446,0.7469,GW-S12,HUMAN_VISUAL_REVIEW_V0.2,CALIBRATION_REVIEW,LIFESTYLE_CAMPAIGN,YES_USER_CONFIRMED,,,,,,,,,,,,,PENDING,NOT_EXPOSED
gwang,gwang/55258ea348bcafac.jpg,55258ea348bcafac5ba20bac939690a1becd907225e9a9feffedc1e17c7f5e74,196403,1456,1080,1.3481,GW-S12,HUMAN_VISUAL_REVIEW_V0.2,CALIBRATION_REVIEW,LIFESTYLE_CAMPAIGN,YES_USER_CONFIRMED,,,,,,,,,,,,,PENDING,NOT_EXPOSED
gwang,gwang/097016ff681bb16a.jpg,097016ff681bb16a7656793f2664e4dd947981d9ead993d0df86501b09460933,234619,1080,1620,0.6667,GW-S12,HUMAN_VISUAL_REVIEW_V0.2,CALIBRATION_REVIEW,LIFESTYLE_CAMPAIGN,YES_USER_CONFIRMED,,,,,,,,,,,,,PENDING,NOT_EXPOSED
gwang,gwang/f9882bc094198235.jpg,f9882bc0941982358d46de35932b15918b52b396cb36d202712370a050aab650,190327,1080,1620,0.6667,GW-S12,HUMAN_VISUAL_REVIEW_V0.2,CALIBRATION_REVIEW,LIFESTYLE_CAMPAIGN,YES_USER_CONFIRMED,,,,,,,,,,,,,PENDING,NOT_EXPOSED
gwang,gwang/c0769708cf3b5032.jpg,c0769708cf3b5032e124f77813c9b9ca0a46996e0116565ba66b3db51c76e7e1,220343,1080,1620,0.6667,GW-S12,HUMAN_VISUAL_REVIEW_V0.2,CALIBRATION_REVIEW,LIFESTYLE_CAMPAIGN,YES_USER_CONFIRMED,,,,,,,,,,,,,PENDING,NOT_EXPOSED
gwang,gwang/a15be0fba4f6cbef.jpg,a15be0fba4f6cbefc0dd01ec57b0f213aacdb1bcf4634d5acfaf0a108afded49,196387,1620,1080,1.5,GW-S12,HUMAN_VISUAL_REVIEW_V0.2,CALIBRATION_REVIEW,LIFESTYLE_CAMPAIGN,YES_USER_CONFIRMED,,,,,,,,,,,,,PENDING,NOT_EXPOSED
gwang,gwang/982184911f6ca885.jpg,982184911f6ca885a0ef8934501c770145ce30bc3d93ffb44db5024ddb37882e,430635,1080,1620,0.6667,GW-S13,HUMAN_VISUAL_REVIEW_V0.2,EVALUATION_HOLDOUT,LIFESTYLE_CAMPAIGN,YES_USER_CONFIRMED,,,,,,,,,,,,,PENDING,NOT_EXPOSED
gwang,gwang/c2886f15cf342de1.jpg,c2886f15cf342de1973fe809a431c84dbe967e6d1c87a881da3f5d77c919b4db,540747,1620,1080,1.5,GW-S13,HUMAN_VISUAL_REVIEW_V0.2,EVALUATION_HOLDOUT,LIFESTYLE_CAMPAIGN,YES_USER_CONFIRMED,,,,,,,,,,,,,PENDING,NOT_EXPOSED
gwang,gwang/0e3d18c92f849707.jpg,0e3d18c92f849707b5f7dc472c9ea408d2f0d598e6684e9e1453337d3440580f,417965,1620,1080,1.5,GW-S13,HUMAN_VISUAL_REVIEW_V0.2,EVALUATION_HOLDOUT,LIFESTYLE_CAMPAIGN,YES_USER_CONFIRMED,,,,,,,,,,,,,PENDING,NOT_EXPOSED
gwang,gwang/210788497c63a754.jpg,210788497c63a754df7c8f1122fbe88d732edc3e8b9cc5f51e1760d172a8044a,468194,1080,1620,0.6667,GW-S13,HUMAN_VISUAL_REVIEW_V0.2,EVALUATION_HOLDOUT,LIFESTYLE_CAMPAIGN,YES_USER_CONFIRMED,,,,,,,,,,,,,PENDING,NOT_EXPOSED
gwang,gwang/1ab7b1d83325494d.jpg,1ab7b1d83325494d93912331bf3a6e678ab6dd9664cb4269828634ffbdfeff80,547226,1620,1080,1.5,GW-S13,HUMAN_VISUAL_REVIEW_V0.2,EVALUATION_HOLDOUT,LIFESTYLE_CAMPAIGN,YES_USER_CONFIRMED,,,,,,,,,,,,,PENDING,NOT_EXPOSED
gwang,gwang/84a4313285a24bfe.jpg,84a4313285a24bfea0b3c634962a9277e8b347141b922b6f99aba36f2f9110a4,889460,1620,1080,1.5,GW-S13,HUMAN_VISUAL_REVIEW_V0.2,EVALUATION_HOLDOUT,LIFESTYLE_CAMPAIGN,YES_USER_CONFIRMED,,,,,,,,,,,,,PENDING,NOT_EXPOSED
gwang,gwang/12d427486e6734d3.jpg,12d427486e6734d35ea6bd8d1bb36f817211da210e1079994d2aa3c7a1f4dddd,277871,1620,1080,1.5,GW-S14,HUMAN_VISUAL_REVIEW_V0.2,EVALUATION_HOLDOUT,OUT_OF_SCOPE_OTHER_COMMERCIAL,YES_USER_CONFIRMED,,,,,,,,,,,,,PENDING,NOT_EXPOSED
gwang,gwang/2cab4bd71abb376f.jpg,2cab4bd71abb376f7d0cbe81dc0cacaca482e00a287ffdda413e8ce5cf5f87ef,379247,1620,1080,1.5,GW-S14,HUMAN_VISUAL_REVIEW_V0.2,EVALUATION_HOLDOUT,OUT_OF_SCOPE_OTHER_COMMERCIAL,YES_USER_CONFIRMED,,,,,,,,,,,,,PENDING,NOT_EXPOSED
gwang,gwang/f5ddce3cb4b24e98.jpg,f5ddce3cb4b24e98fec63569e5e4a041fdc27de7e1ba28a533eea9b3f3a5ca98,246236,1080,1620,0.6667,GW-S15,HUMAN_VISUAL_REVIEW_V0.2,CALIBRATION_REVIEW,AESTHETIC_REFERENCE,YES_USER_CONFIRMED,,,,,,,,,,,,,PENDING,EXPOSED_QWEN_CANARY
gwang,gwang/bb4ad91b543df8b6.jpg,bb4ad91b543df8b63b85b2d15b0b2199a166fc26998634cd73bcb4166e641559,290362,1080,1620,0.6667,GW-S16,HUMAN_VISUAL_REVIEW_V0.2,EVALUATION_HOLDOUT,OUT_OF_SCOPE_OTHER_COMMERCIAL,YES_USER_CONFIRMED,,,,,,,,,,,,,PENDING,NOT_EXPOSED
