asset_alias,dataset_id,intended_placement,human_overall_score,model_overall_score,overall_delta_model_minus_human,human_gate,model_gate,gate_match,score_status,repair_prompt,response_file,human_human_realism,model_human_realism,human_photography_realism,model_photography_realism,human_material_realism,model_material_realism,human_product_prominence,model_product_prominence,human_selling_point_clarity,model_selling_point_clarity,human_promotion_hierarchy,model_promotion_hierarchy,human_information_legibility,model_information_legibility,human_click_motivation,model_click_motivation,human_channel_placement_fit,model_channel_placement_fit
xiaoyu/7452ffee01384a3c.jpg,xiaoyu,LIFESTYLE_CAMPAIGN,90,95.7,5.7,PASS,PASS,YES,SUCCEEDED,,D:\VisionQA\data\commercial_reference_corpus_v0.2\qwen_calibration_v0.1\response_01_7452ffee.json,94.0,95.0,92.0,98.0,90.0,96.0,92.0,97.0,88.0,92.0,,,,,90.0,94.0,92.0,95.0
xiaoyu/f7d74b5ae70802a0.jpg,xiaoyu,LIFESTYLE_CAMPAIGN,89,92.1,3.1,REVIEW,PASS,NO,SUCCEEDED,"仅对列出问题做局部修复。 修复：Two interlocking 'C' logos are visible on the front closure of the grey tweed jacket, one at upper chest and one near waistline. 保持不变：商品款式、颜色、Logo、面料纹理。 不得引入未在证据中出现的新商品属性、文字、Logo 或配饰。",D:\VisionQA\data\commercial_reference_corpus_v0.2\qwen_calibration_v0.1\response_02_f7d74b5a.json,93.0,95.0,91.0,92.0,90.0,88.0,90.0,96.0,86.0,90.0,,,,,88.0,87.0,91.0,94.0
xiaoyu/48e8c6f22e06840e.jpg,xiaoyu,LIFESTYLE_CAMPAIGN,91,94.2,3.2,PASS,PASS,YES,SUCCEEDED,仅对列出问题做局部修复。 修复：No logo visible on either garment or background elements in the image. 保持不变：商品款式、颜色、Logo、面料纹理。 不得引入未在证据中出现的新商品属性、文字、Logo 或配饰。,D:\VisionQA\data\commercial_reference_corpus_v0.2\qwen_calibration_v0.1\response_03_48e8c6f2.json,94.0,95.0,92.0,98.0,89.0,92.0,92.0,96.0,90.0,90.0,,,,,91.0,88.0,92.0,94.0
xiaoyu/971b1e0dec20de7c.jpg,xiaoyu,LIFESTYLE_CAMPAIGN,89,92.1,3.1,REVIEW,PASS,NO,SUCCEEDED,"仅对列出问题做局部修复。 修复：No logo is visible on either dress or in the background. 先人工核验：The beige dress shows fine ribbed texture with subtle glitter particles; the black dress shows similar glitter distribution but appears slightly denser—possible variation in fabric batch or lighting, not definitively inconsistent. 保持不变：商品款式、颜色、Logo、面料纹理。 不得引入未在证据中出现的新商品属性、文字、Logo 或配饰。",D:\VisionQA\data\commercial_reference_corpus_v0.2\qwen_calibration_v0.1\response_04_971b1e0d.json,93.0,95.0,91.0,92.0,89.0,88.0,90.0,96.0,88.0,90.0,,,,,89.0,87.0,90.0,94.0
xiaoyu/ecec16fd33eb390a.jpg,xiaoyu,LIFESTYLE_CAMPAIGN,85,93.2,8.2,REVIEW,PASS,NO,SUCCEEDED,"仅对列出问题做局部修复。 修复：Two models wear near-identical tweed dresses with white collars, cuffs, and trim; both feature pearl-button closures and quilted front panels, consistent with locked attributes of款式 (tweed short dress), 颜色 (black/white and grey/white variants), Logo (visible interlocking CC pendant on necklace, not garment logo), and 面料纹理 (distinct tweed weave visible on both garments). 保持不变：商品款式、颜色、Logo、面料纹理。 不得引入未在证据中出现的新商品属性、文字、Logo 或配饰。",D:\VisionQA\data\commercial_reference_corpus_v0.2\qwen_calibration_v0.1\response_05_ecec16fd.json,92.0,92.0,89.0,95.0,88.0,94.0,88.0,96.0,85.0,90.0,,,,,84.0,88.0,88.0,93.0
xiaoyu/5bd6eecc7d2f09ab.jpg,xiaoyu,LIFESTYLE_CAMPAIGN,86,80.8,-5.2,REVIEW,REJECT,NO,SUCCEEDED,"存在已确认阻断问题，先人工核对商品事实，再决定局部重绘或重新生成。 修复：The garment worn by the model is a white halter-neck dress with a back tie, but no brand logo, fabric texture detail, or specific product identifier (e.g., seam, tag, cutline) is clearly visible due to rear-facing pose and lighting; the dress appears generic without distinguishable design features. 针对 product_prominence 的现有证据进行优化，需人工确认具体修改。 针对 selling_point_clarity 的现有证据进行优化，需人工确认具体修改。 保持不变：商品款式、颜色、Logo、面料纹理。 不得引入未在证据中出现的新商品属性、文字、Logo 或配饰。",D:\VisionQA\data\commercial_reference_corpus_v0.2\qwen_calibration_v0.1\response_06_5bd6eecc.json,92.0,95.0,90.0,92.0,88.0,78.0,88.0,65.0,84.0,55.0,,,,,85.0,70.0,88.0,85.0
xiaoyu/e85f2c0201196b90.jpg,xiaoyu,LIFESTYLE_CAMPAIGN,88,90.4,2.4,REVIEW,PASS,NO,SUCCEEDED,"仅对列出问题做局部修复。 修复：No brand logo is visible on the garment or in the scene 先人工核验：The dress fabric appears smooth and semi-sheer with subtle sheen, but fine texture details (e.g., weave, fiber structure) are not clearly resolvable due to lighting and distance 保持不变：商品款式、颜色、Logo、面料纹理。 不得引入未在证据中出现的新商品属性、文字、Logo 或配饰。",D:\VisionQA\data\commercial_reference_corpus_v0.2\qwen_calibration_v0.1\response_07_e85f2c02.json,93.0,95.0,91.0,92.0,88.0,85.0,90.0,90.0,87.0,88.0,,,,,87.0,86.0,90.0,94.0
xiaoyu/38d4c2a8c91bf9d5.jpg,xiaoyu,PRODUCT_MAIN_IMAGE,88,82.2,-5.8,REVIEW,REVIEW,YES,SUCCEEDED,"仅对列出问题做局部修复。 修复：Two models are positioned back-to-back, with overlapping bodies partially obscuring the front and side views of both hoodies; neither garment is fully visible in isolation. 修复：A small metallic logo is visible on the left chest of the pink hoodie but is partially hidden by the model’s arm and posture; the black hoodie shows no visible logo. 先人工核验：The black cargo pants show visible pocket seams and stitching, but fabric texture (e.g., twill vs. cotton blend) is indistinct due to even studio lighting and lack of close-up detail; same applies to hoodie knit texture. 针对 product_prominence 的现有证据进行优化，需人工确认具体修改。 保持不变：商品款式、颜色、Logo、面料纹理。 不得引入未在证据中出现的新商品属性、文字、Logo 或配饰。",D:\VisionQA\data\commercial_reference_corpus_v0.2\qwen_calibration_v0.1\response_08_38d4c2a8.json,94.0,95.0,91.0,90.0,89.0,75.0,90.0,65.0,88.0,70.0,,,,80.0,87.0,75.0,90.0,85.0
xiaoyu/34ed45f1aea941ac.jpg,xiaoyu,PRODUCT_MAIN_IMAGE,86,79.4,-6.6,REVIEW,REVIEW,YES,SUCCEEDED,"仅对列出问题做局部修复。 修复：Two models are posed back-to-back, partially overlapping; the black hoodie is largely occluded by the pink hoodie wearer’s torso and arm, reducing visibility of its full silhouette and front details. 修复：A small metallic logo is visible on the left chest of the pink hoodie, appearing as a silver-toned abstract symbol. 先人工核验：The hoodies appear to be made of standard fleece or cotton-blend fabric with soft texture; however, lighting and pose limit close inspection of weave or surface detail. 针对 product_prominence 的现有证据进行优化，需人工确认具体修改。 针对 information_legibility 的现有证据进行优化，需人工确认具体修改。 保持不变：商品款式、颜色、Logo、面料纹理。 不得引入未在证据中出现的新商品属性、文字、Logo 或配饰。",D:\VisionQA\data\commercial_reference_corpus_v0.2\qwen_calibration_v0.1\response_09_34ed45f1.json,93.0,95.0,90.0,90.0,88.0,75.0,88.0,65.0,86.0,70.0,,,,40.0,85.0,80.0,88.0,75.0
xiaoyu/bb92bfcc54a2ad90.jpg,xiaoyu,PRODUCT_MAIN_IMAGE,87,94.7,7.7,REVIEW,PASS,NO,SUCCEEDED,仅对列出问题做局部修复。 修复：A small embroidered bow logo is visible on the upper left chest of the white top; a metallic infinity-shaped logo is affixed to the front pocket of the black pants. 保持不变：商品款式、颜色、Logo、面料纹理。 不得引入未在证据中出现的新商品属性、文字、Logo 或配饰。,D:\VisionQA\data\commercial_reference_corpus_v0.2\qwen_calibration_v0.1\response_10_bb92bfcc.json,93.0,95.0,90.0,98.0,88.0,92.0,89.0,96.0,87.0,90.0,,,,100.0,86.0,88.0,89.0,94.0
xiaoyu/9e690314ff1924c2.jpg,xiaoyu,PRODUCT_MAIN_IMAGE,86,95.2,9.2,REVIEW,PASS,NO,SUCCEEDED,"仅对列出问题做局部修复。 修复：White abstract logo is clearly visible on black sweater chest area, centered and well-contrasted 修复：Sweater shows soft, fuzzy texture consistent with brushed knit or fleece; no pilling or distortion visible 修复：Garment is uniformly black with no color cast; pants match sweater hue under studio lighting 保持不变：商品款式、颜色、Logo、面料纹理。 不得引入未在证据中出现的新商品属性、文字、Logo 或配饰。",D:\VisionQA\data\commercial_reference_corpus_v0.2\qwen_calibration_v0.1\response_11_9e690314.json,93.0,95.0,90.0,98.0,88.0,92.0,89.0,96.0,86.0,94.0,,,,100.0,85.0,90.0,88.0,97.0
xiaoyu/16d8b72be3b81069.jpg,xiaoyu,PRODUCT_MAIN_IMAGE,88,81,-7.0,REVIEW,REVIEW,YES,SUCCEEDED,"仅对列出问题做局部修复。 修复：Two models are present in the image: one standing wearing a pink sweater, one seated wearing a black sweater; both wear garments featuring the same white infinity-loop logo. 修复：White infinity-loop logo is clearly visible on both sweaters; size and placement are consistent across models (center chest), indicating intentional branding. 先人工核验：Pink sweater shows soft, fuzzy texture suggestive of mohair or alpaca blend; black sweater appears plush with slight pile, possibly fleece or brushed cotton. Lighting is even but lacks close-up detail to confirm fiber type. 针对 product_prominence 的现有证据进行优化，需人工确认具体修改。 针对 click_motivation 的现有证据进行优化，需人工确认具体修改。 针对 channel_placement_fit 的现有证据进行优化，需人工确认具体修改。 保持不变：商品款式、颜色、Logo、面料纹理。 不得引入未在证据中出现的新商品属性、文字、Logo 或配饰。",D:\VisionQA\data\commercial_reference_corpus_v0.2\qwen_calibration_v0.1\response_12_16d8b72b.json,93.0,95.0,90.0,90.0,88.0,75.0,90.0,60.0,88.0,70.0,,,,100.0,87.0,65.0,90.0,50.0
xiaoyu/0bf3f0ede1c1bd25.jpg,xiaoyu,PRODUCT_MAIN_IMAGE,86,94.9,8.9,REVIEW,PASS,NO,SUCCEEDED,,D:\VisionQA\data\commercial_reference_corpus_v0.2\qwen_calibration_v0.1\response_13_0bf3f0ed.json,93.0,95.0,90.0,98.0,87.0,92.0,88.0,96.0,86.0,94.0,,,,,84.0,90.0,88.0,97.0
xiaoyu/f97a128ca11fabfb.jpg,xiaoyu,PRODUCT_MAIN_IMAGE,85,94.9,9.9,REVIEW,PASS,NO,SUCCEEDED,,D:\VisionQA\data\commercial_reference_corpus_v0.2\qwen_calibration_v0.1\response_14_f97a128c.json,92.0,95.0,89.0,98.0,86.0,92.0,87.0,96.0,85.0,94.0,,,,,83.0,90.0,87.0,97.0
xiaoyu/bba3927ebf247a85.jpg,xiaoyu,PRODUCT_MAIN_IMAGE,87,95,8.0,REVIEW,PASS,NO,SUCCEEDED,,D:\VisionQA\data\commercial_reference_corpus_v0.2\qwen_calibration_v0.1\response_15_bba3927e.json,93.0,95.0,90.0,98.0,87.0,92.0,90.0,100.0,87.0,90.0,,,,,86.0,88.0,90.0,100.0
xiaoyu/9c8a63f597e6dab5.jpg,xiaoyu,PRODUCT_MAIN_IMAGE,88,89.8,1.8,REVIEW,REVIEW,YES,SUCCEEDED,"仅对列出问题做局部修复。 修复：No brand label, care tag, or size tag visible on the garment in the image. 修复：Model's hands are inserted into front pockets, partially obscuring the waistband, button, and fly area of the jeans. 修复：The white top is loosely draped with folds that conceal parts of the fabric surface; denim shows fading but seam stitching detail is not fully resolved. 保持不变：商品款式、颜色、Logo、面料纹理。 不得引入未在证据中出现的新商品属性、文字、Logo 或配饰。",D:\VisionQA\data\commercial_reference_corpus_v0.2\qwen_calibration_v0.1\response_16_9c8a63f5.json,94.0,92.0,91.0,95.0,87.0,87.0,90.0,94.0,87.0,85.0,,,,70.0,86.0,88.0,90.0,96.0
xiaoyu/3455b350affe0e67.jpg,xiaoyu,PRODUCT_MAIN_IMAGE,87,94.3,7.3,REVIEW,PASS,NO,SUCCEEDED,,D:\VisionQA\data\commercial_reference_corpus_v0.2\qwen_calibration_v0.1\response_17_3455b350.json,93.0,95.0,90.0,98.0,87.0,92.0,89.0,96.0,87.0,90.0,,,,,86.0,88.0,89.0,97.0
xiaoyu/3c7155da4109a5cc.jpg,xiaoyu,PRODUCT_MAIN_IMAGE,86,89.5,3.5,REVIEW,REVIEW,YES,SUCCEEDED,,D:\VisionQA\data\commercial_reference_corpus_v0.2\qwen_calibration_v0.1\response_18_3c7155da.json,93.0,85.0,90.0,92.0,87.0,88.0,88.0,95.0,85.0,90.0,,,,,84.0,87.0,88.0,94.0
xiaoyu/eee4ad0ed3a25c31.jpg,xiaoyu,PRODUCT_MAIN_IMAGE,86,94.2,8.2,REVIEW,PASS,NO,SUCCEEDED,,D:\VisionQA\data\commercial_reference_corpus_v0.2\qwen_calibration_v0.1\response_19_eee4ad0e.json,93.0,95.0,90.0,98.0,87.0,92.0,88.0,96.0,85.0,90.0,,,,,84.0,88.0,88.0,94.0
gwang/fdfa78ce8da224b2.jpg,gwang,PRODUCT_MAIN_IMAGE,86,92,6.0,REVIEW,PASS,NO,SUCCEEDED,,D:\VisionQA\data\commercial_reference_corpus_v0.2\qwen_calibration_v0.1\response_20_fdfa78ce.json,94.0,95.0,91.0,92.0,88.0,88.0,89.0,96.0,85.0,90.0,,,,,84.0,85.0,87.0,94.0
gwang/71adbf9527555a96.jpg,gwang,PRODUCT_MAIN_IMAGE,87,90.5,3.5,REVIEW,PASS,NO,SUCCEEDED,"仅对列出问题做局部修复。 修复：No brand logo or text visible on the black cardigan or grey skirt in the image. 修复：Background consists of sheer white curtains with strong backlighting, causing high luminance and reduced contrast between subject and background. 保持不变：商品款式、颜色、Logo、面料纹理。 不得引入未在证据中出现的新商品属性、文字、Logo 或配饰。",D:\VisionQA\data\commercial_reference_corpus_v0.2\qwen_calibration_v0.1\response_21_71adbf95.json,94.0,95.0,92.0,92.0,89.0,88.0,90.0,90.0,87.0,85.0,,,,,86.0,82.0,89.0,94.0
gwang/00bf64e6b72e08e3.jpg,gwang,PRODUCT_MAIN_IMAGE,85,77.9,-7.1,REVIEW,REVIEW,YES,SUCCEEDED,"仅对列出问题做局部修复。 修复：The image shows only the back and side profile of the model; front view of the garment is not visible. 修复：The white skirt’s full hemline and side seam are partially obscured by the model’s posture and lighting; ruffle detail is only partially visible. 修复：Model stands in a three-quarter back pose with hands clasped behind, not facing camera or presenting garment frontally. 针对 product_prominence 的现有证据进行优化，需人工确认具体修改。 针对 selling_point_clarity 的现有证据进行优化，需人工确认具体修改。 保持不变：商品款式、颜色、Logo、面料纹理。 不得引入未在证据中出现的新商品属性、文字、Logo 或配饰。",D:\VisionQA\data\commercial_reference_corpus_v0.2\qwen_calibration_v0.1\response_22_00bf64e6.json,93.0,85.0,91.0,90.0,88.0,78.0,88.0,65.0,85.0,60.0,,,,,83.0,70.0,86.0,75.0
gwang/3f4c617ae5886bb9.jpg,gwang,PRODUCT_MAIN_IMAGE,86,92.1,6.1,REVIEW,PASS,NO,SUCCEEDED,,D:\VisionQA\data\commercial_reference_corpus_v0.2\qwen_calibration_v0.1\response_23_3f4c617a.json,93.0,95.0,90.0,92.0,87.0,88.0,88.0,96.0,86.0,90.0,,,,,84.0,87.0,87.0,94.0
gwang/b96d5b7fcc5e55e1.jpg,gwang,PRODUCT_MAIN_IMAGE,86,92,6.0,REVIEW,PASS,NO,SUCCEEDED,,D:\VisionQA\data\commercial_reference_corpus_v0.2\qwen_calibration_v0.1\response_24_b96d5b7f.json,93.0,95.0,90.0,92.0,87.0,88.0,89.0,96.0,86.0,90.0,,,,,84.0,85.0,87.0,94.0
gwang/ecd6cc5181d4f860.jpg,gwang,PRODUCT_MAIN_IMAGE,87,92.1,5.1,REVIEW,PASS,NO,SUCCEEDED,,D:\VisionQA\data\commercial_reference_corpus_v0.2\qwen_calibration_v0.1\response_25_ecd6cc51.json,93.0,92.0,91.0,95.0,88.0,88.0,89.0,96.0,86.0,90.0,,,,,85.0,85.0,87.0,98.0
gwang/28ab79fa1be33331.jpg,gwang,PRODUCT_MAIN_IMAGE,86,92.4,6.4,REVIEW,PASS,NO,SUCCEEDED,,D:\VisionQA\data\commercial_reference_corpus_v0.2\qwen_calibration_v0.1\response_26_28ab79fa.json,93.0,95.0,90.0,92.0,88.0,88.0,88.0,98.0,85.0,90.0,,,,,84.0,85.0,87.0,96.0
gwang/870081aa253b1718.jpg,gwang,AESTHETIC_REFERENCE,82,,,REVIEW,REVIEW,YES,PARTIAL,"仅对列出问题做局部修复。 修复：The model wears a plain white short-sleeve top with no visible seams, stitching, or fabric texture detail due to soft lighting and smooth surface; only general silhouette and drape are discernible. 保持不变：商品款式、颜色、Logo、面料纹理。 不得引入未在证据中出现的新商品属性、文字、Logo 或配饰。",D:\VisionQA\data\commercial_reference_corpus_v0.2\qwen_calibration_v0.1\response_27_870081aa.json,,92.0,86.0,95.0,84.0,68.0,,,,,,,,,,,,
gwang/02bcb64049bba8dd.jpg,gwang,PRODUCT_MAIN_IMAGE,88,88,0.0,REVIEW,REVIEW,YES,SUCCEEDED,"仅对列出问题做局部修复。 修复：A green-and-blue product tube is held in front of the torso, partially obscuring the sports bra's central chest area and lower strap junction. 保持不变：商品款式、颜色、Logo、面料纹理。 不得引入未在证据中出现的新商品属性、文字、Logo 或配饰。",D:\VisionQA\data\commercial_reference_corpus_v0.2\qwen_calibration_v0.1\response_28_02bcb640.json,93.0,95.0,91.0,92.0,88.0,88.0,90.0,80.0,88.0,75.0,,,,,87.0,85.0,90.0,90.0
gwang/d38e5223a40f7962.jpg,gwang,PRODUCT_MAIN_IMAGE,88,80.9,-7.1,REVIEW,REVIEW,YES,SUCCEEDED,"仅对列出问题做局部修复。 修复：Model holds a yellow stick-shaped item labeled 'VC200' in right hand, which is not the apparel product being sold 修复：Only upper torso of pink sports bra is visible; waistband and lower hem are cut off, and matching bottoms are only partially shown (dark grey fabric at bottom edge) 先人工核验：No visible brand logo on the pink sports bra; possible small white detail near lower center seam but indistinct and unverifiable as logo 针对 product_prominence 的现有证据进行优化，需人工确认具体修改。 针对 information_legibility 的现有证据进行优化，需人工确认具体修改。 针对 channel_placement_fit 的现有证据进行优化，需人工确认具体修改。 保持不变：商品款式、颜色、Logo、面料纹理。 不得引入未在证据中出现的新商品属性、文字、Logo 或配饰。",D:\VisionQA\data\commercial_reference_corpus_v0.2\qwen_calibration_v0.1\response_29_d38e5223.json,93.0,95.0,91.0,92.0,88.0,85.0,90.0,65.0,88.0,70.0,,,,40.0,87.0,75.0,90.0,60.0
gwang/197ab1b1fc3962aa.jpg,gwang,PRODUCT_MAIN_IMAGE,87,81.4,-5.6,REVIEW,REVIEW,YES,SUCCEEDED,"仅对列出问题做局部修复。 修复：A green prop (likely dental floss) is held in front of the model's mouth, partially obscuring the upper torso and neckline of the garment 修复：The model holds a non-apparel item (green floss-like object) while wearing a sports bra, creating an unrelated usage context 修复：No visible brand logo or tag on the garment surface in the image 针对 selling_point_clarity 的现有证据进行优化，需人工确认具体修改。 针对 click_motivation 的现有证据进行优化，需人工确认具体修改。 保持不变：商品款式、颜色、Logo、面料纹理。 不得引入未在证据中出现的新商品属性、文字、Logo 或配饰。",D:\VisionQA\data\commercial_reference_corpus_v0.2\qwen_calibration_v0.1\response_30_197ab1b1.json,93.0,95.0,91.0,88.0,88.0,82.0,90.0,70.0,87.0,65.0,,,,,86.0,60.0,89.0,75.0
gwang/5c4f2eb9962a5460.jpg,gwang,LIFESTYLE_CAMPAIGN,86,94.1,8.1,REVIEW,PASS,NO,SUCCEEDED,,D:\VisionQA\data\commercial_reference_corpus_v0.2\qwen_calibration_v0.1\response_31_5c4f2eb9.json,92.0,95.0,90.0,98.0,88.0,92.0,88.0,96.0,85.0,88.0,,,,,85.0,90.0,87.0,94.0
gwang/296052292aabccea.jpg,gwang,LIFESTYLE_CAMPAIGN,86,94.3,8.3,REVIEW,PASS,NO,SUCCEEDED,仅对列出问题做局部修复。 修复：The 'D&G' logo on the handbag is clearly visible and legible in gold metallic finish. 保持不变：商品款式、颜色、Logo、面料纹理。 不得引入未在证据中出现的新商品属性、文字、Logo 或配饰。,D:\VisionQA\data\commercial_reference_corpus_v0.2\qwen_calibration_v0.1\response_32_29605229.json,92.0,95.0,90.0,98.0,87.0,96.0,89.0,92.0,85.0,88.0,,,,,85.0,90.0,88.0,94.0
gwang/45f8b9f6d13e5543.jpg,gwang,LIFESTYLE_CAMPAIGN,85,92.1,7.1,REVIEW,PASS,NO,SUCCEEDED,,D:\VisionQA\data\commercial_reference_corpus_v0.2\qwen_calibration_v0.1\response_33_45f8b9f6.json,92.0,95.0,89.0,92.0,87.0,88.0,88.0,96.0,84.0,90.0,,,,,83.0,87.0,87.0,94.0
gwang/349832fbc3948bd3.jpg,gwang,LIFESTYLE_CAMPAIGN,84,92.1,8.1,REVIEW,PASS,NO,SUCCEEDED,"仅对列出问题做局部修复。 修复：Same model appears in both panels with identical facial features, hair texture, and lighting direction; consistent pose style and body proportions across images 保持不变：商品款式、颜色、Logo、面料纹理。 不得引入未在证据中出现的新商品属性、文字、Logo 或配饰。",D:\VisionQA\data\commercial_reference_corpus_v0.2\qwen_calibration_v0.1\response_34_349832fb.json,92.0,95.0,89.0,92.0,86.0,88.0,86.0,96.0,83.0,90.0,,,,,82.0,87.0,86.0,94.0
gwang/55258ea348bcafac.jpg,gwang,LIFESTYLE_CAMPAIGN,87,93.1,6.1,REVIEW,PASS,NO,SUCCEEDED,"仅对列出问题做局部修复。 先人工核验：Two models appear in the diptych; facial features, hair texture, and posture differ significantly between left and right panels, suggesting different individuals rather than a single AI model reused across shots 修复：Left dress shows fine vertical ribbed knit texture; right dress shows dense sequin/foil flake texture with high reflectivity — both visually plausible for respective garment types 保持不变：商品款式、颜色、Logo、面料纹理。 不得引入未在证据中出现的新商品属性、文字、Logo 或配饰。",D:\VisionQA\data\commercial_reference_corpus_v0.2\qwen_calibration_v0.1\response_35_55258ea3.json,92.0,92.0,90.0,95.0,87.0,94.0,89.0,96.0,86.0,88.0,,,,,86.0,90.0,89.0,93.0
gwang/097016ff681bb16a.jpg,gwang,LIFESTYLE_CAMPAIGN,86,94.3,8.3,REVIEW,PASS,NO,SUCCEEDED,,D:\VisionQA\data\commercial_reference_corpus_v0.2\qwen_calibration_v0.1\response_36_097016ff.json,92.0,95.0,90.0,98.0,87.0,96.0,88.0,92.0,85.0,88.0,,,,,85.0,90.0,88.0,94.0
gwang/f9882bc094198235.jpg,gwang,LIFESTYLE_CAMPAIGN,86,92,6.0,REVIEW,PASS,NO,SUCCEEDED,"仅对列出问题做局部修复。 修复：The sleeveless trench dress exhibits smooth, uniform sheen consistent with faux leather or coated fabric; no visible seam puckering or texture distortion at waist belt or lapel edges. 先人工核验：A gold-tone logo plaque is visible on the front of the brown handbag, appearing as interlocking letters (possibly 'D' and 'G'), but exact characters cannot be resolved at current resolution. 修复：Dress is camel/tan; handbag and shoes are matching medium brown; corduroy chair is rust-brown—colors are harmonized and consistent under neutral lighting with no chromatic aberration. 保持不变：商品款式、颜色、Logo、面料纹理。 不得引入未在证据中出现的新商品属性、文字、Logo 或配饰。",D:\VisionQA\data\commercial_reference_corpus_v0.2\qwen_calibration_v0.1\response_37_f9882bc0.json,92.0,92.0,90.0,95.0,87.0,88.0,88.0,96.0,85.0,90.0,,,,,85.0,87.0,88.0,94.0
gwang/c0769708cf3b5032.jpg,gwang,LIFESTYLE_CAMPAIGN,86,93.8,7.8,REVIEW,PASS,NO,SUCCEEDED,,D:\VisionQA\data\commercial_reference_corpus_v0.2\qwen_calibration_v0.1\response_38_c0769708.json,92.0,95.0,90.0,98.0,87.0,96.0,88.0,92.0,85.0,88.0,,,,,85.0,85.0,88.0,90.0
gwang/a15be0fba4f6cbef.jpg,gwang,LIFESTYLE_CAMPAIGN,86,93.2,7.2,REVIEW,PASS,NO,SUCCEEDED,"仅对列出问题做局部修复。 修复：Ribbed knit texture is consistently visible on both the green crop top and matching skirt, with uniform stitch pattern and depth across garment surfaces. 保持不变：商品款式、颜色、Logo、面料纹理。 不得引入未在证据中出现的新商品属性、文字、Logo 或配饰。",D:\VisionQA\data\commercial_reference_corpus_v0.2\qwen_calibration_v0.1\response_39_a15be0fb.json,92.0,92.0,90.0,95.0,87.0,90.0,88.0,98.0,85.0,94.0,,,,,85.0,88.0,88.0,96.0
gwang/f5ddce3cb4b24e98.jpg,gwang,AESTHETIC_REFERENCE,85,,,REVIEW,REVIEW,YES,PARTIAL,"仅对列出问题做局部修复。 修复：Model is seated on a white toilet placed on a floating marble platform amid stylized purple flowers and water, with sky background—creating a non-realistic, conceptual scene. 修复：The pink satin dress shows smooth, uniform sheen across folds with realistic light reflection and subtle creasing near hip and thigh. 修复：Model’s facial skin shows natural microtexture and soft shadowing under ambient lighting; no plastic-like smoothing or unnatural glow. 保持不变：商品款式、颜色、Logo、面料纹理。 不得引入未在证据中出现的新商品属性、文字、Logo 或配饰。",D:\VisionQA\data\commercial_reference_corpus_v0.2\qwen_calibration_v0.1\response_40_f5ddce3c.json,92.0,92.0,91.0,85.0,87.0,94.0,,,,,,,,,,,,
