asset_id,source_alias,source_type,usage_scope,external_transfer_policy,extension,mime_type,bytes,width,height,aspect_ratio,sha256,decode_status,exact_duplicate_group,initial_asset_type,classification_status,shoot_group,proposed_split,split_status
XY-0001,xiaoyu/e7c998e72423f293.jpg,customer-provided,internal VisionQA evaluation/benchmark,GOVERNANCE_GATE_REQUIRED,.jpg,image/jpeg,10036207,5325,7987,0.6667,e7c998e72423f293efaaad0a68e87fe35714d38c1445d7af71b1409642bc156b,OK,,MODEL_PRESENT,PENDING_REVIEW,SG-01,EVALUATION_HOLDOUT,PROPOSED_NOT_MATERIALIZED
XY-0002,xiaoyu/20de34e045e15ce1.jpg,customer-provided,internal VisionQA evaluation/benchmark,GOVERNANCE_GATE_REQUIRED,.jpg,image/jpeg,9487711,5186,7779,0.6667,20de34e045e15ce1857dc764755888535bb764e2deb93a1438caab1abac61713,OK,,MODEL_PRESENT,PENDING_REVIEW,SG-01,EVALUATION_HOLDOUT,PROPOSED_NOT_MATERIALIZED
XY-0003,xiaoyu/f6aaedbb4770491d.jpg,customer-provided,internal VisionQA evaluation/benchmark,GOVERNANCE_GATE_REQUIRED,.jpg,image/jpeg,2881378,2834,3778,0.7501,f6aaedbb4770491d4b9a89b040cb2c3820f53c52ddea9a81b48b17c7f01a7865,OK,,PRODUCT_ONLY,PENDING_REVIEW,SG-01,EVALUATION_HOLDOUT,PROPOSED_NOT_MATERIALIZED
XY-0004,xiaoyu/07110e36cb7a8d4d.jpg,customer-provided,internal VisionQA evaluation/benchmark,GOVERNANCE_GATE_REQUIRED,.jpg,image/jpeg,4276002,4660,3495,1.3333,07110e36cb7a8d4d835288f0a212fe1fb6ce1729dd3dcdc06428da84c2741424,OK,,PRODUCT_ONLY,PENDING_REVIEW,SG-01,EVALUATION_HOLDOUT,PROPOSED_NOT_MATERIALIZED
XY-0005,xiaoyu/b1d33d124678c3ea.jpg,customer-provided,internal VisionQA evaluation/benchmark,GOVERNANCE_GATE_REQUIRED,.jpg,image/jpeg,7345717,4620,6160,0.75,b1d33d124678c3eafb31a8fe12b0f97c76618dbaefad4537bd8ea9bfa19790e1,OK,,PRODUCT_ONLY,PENDING_REVIEW,SG-01,EVALUATION_HOLDOUT,PROPOSED_NOT_MATERIALIZED
XY-0006,xiaoyu/7fd6fdc57c37126a.jpg,customer-provided,internal VisionQA evaluation/benchmark,GOVERNANCE_GATE_REQUIRED,.jpg,image/jpeg,20975028,8736,11648,0.75,7fd6fdc57c37126af241800e6b76f17f71236e4e559bf3e9436f4145f07258b0,OK,,PRODUCT_ONLY,PENDING_REVIEW,SG-01,EVALUATION_HOLDOUT,PROPOSED_NOT_MATERIALIZED
XY-0007,xiaoyu/7452ffee01384a3c.jpg,customer-provided,internal VisionQA evaluation/benchmark,GOVERNANCE_GATE_REQUIRED,.jpg,image/jpeg,4829730,4408,6613,0.6666,7452ffee01384a3c5b9e0b62f53a017409a0994c5df2df6c9f80a7181d134c04,OK,,MODEL_PRESENT,PENDING_REVIEW,SG-02,CALIBRATION_REVIEW,PROPOSED_NOT_MATERIALIZED
XY-0008,xiaoyu/f7d74b5ae70802a0.jpg,customer-provided,internal VisionQA evaluation/benchmark,GOVERNANCE_GATE_REQUIRED,.jpg,image/jpeg,3513231,4551,6827,0.6666,f7d74b5ae70802a023ea834eb74757d37a56a73862952e5fc139966241e67a0e,OK,,MODEL_PRESENT,PENDING_REVIEW,SG-02,CALIBRATION_REVIEW,PROPOSED_NOT_MATERIALIZED
XY-0009,xiaoyu/48e8c6f22e06840e.jpg,customer-provided,internal VisionQA evaluation/benchmark,GOVERNANCE_GATE_REQUIRED,.jpg,image/jpeg,2663819,4408,6613,0.6666,48e8c6f22e06840e7b1bc4c790cd474bad91d0643a4cb70bf8ec336cb4277272,OK,,MODEL_PRESENT,PENDING_REVIEW,SG-02,CALIBRATION_REVIEW,PROPOSED_NOT_MATERIALIZED
XY-0010,xiaoyu/971b1e0dec20de7c.jpg,customer-provided,internal VisionQA evaluation/benchmark,GOVERNANCE_GATE_REQUIRED,.jpg,image/jpeg,2544186,4716,7074,0.6667,971b1e0dec20de7ce0b4e2a637bc53cb0d653660e8d9ad8b73c7ff8acdc083b7,OK,,MODEL_PRESENT,PENDING_REVIEW,SG-02,CALIBRATION_REVIEW,PROPOSED_NOT_MATERIALIZED
XY-0011,xiaoyu/ecec16fd33eb390a.jpg,customer-provided,internal VisionQA evaluation/benchmark,GOVERNANCE_GATE_REQUIRED,.jpg,image/jpeg,7599724,4551,6827,0.6666,ecec16fd33eb390a31e74ee75e1fd3d0a7c6b620226a5b4af63368f78e6cf182,OK,,MODEL_PRESENT,PENDING_REVIEW,SG-02,CALIBRATION_REVIEW,PROPOSED_NOT_MATERIALIZED
XY-0012,xiaoyu/5bd6eecc7d2f09ab.jpg,customer-provided,internal VisionQA evaluation/benchmark,GOVERNANCE_GATE_REQUIRED,.jpg,image/jpeg,2680690,4482,6724,0.6666,5bd6eecc7d2f09abb5c94cec4e14c40b275c9606bb7fa86597e2aca29d120298,OK,,MODEL_PRESENT,PENDING_REVIEW,SG-02,CALIBRATION_REVIEW,PROPOSED_NOT_MATERIALIZED
XY-0013,xiaoyu/e85f2c0201196b90.jpg,customer-provided,internal VisionQA evaluation/benchmark,GOVERNANCE_GATE_REQUIRED,.jpg,image/jpeg,2649790,4483,6724,0.6667,e85f2c0201196b909ccd338115f61a7eb9e2e6a201d66a66b90a2afa7f44d634,OK,,MODEL_PRESENT,PENDING_REVIEW,SG-02,CALIBRATION_REVIEW,PROPOSED_NOT_MATERIALIZED
XY-0014,xiaoyu/7ad883daaf6db8bb.jpg,customer-provided,internal VisionQA evaluation/benchmark,GOVERNANCE_GATE_REQUIRED,.jpg,image/jpeg,2795266,8736,11648,0.75,7ad883daaf6db8bbc66f2c2661f58d41a4646a11e0fdda299629554a06597247,OK,,MODEL_PRESENT,PENDING_REVIEW,SG-03,EVALUATION_HOLDOUT,PROPOSED_NOT_MATERIALIZED
XY-0015,xiaoyu/2ef7583581559677.jpg,customer-provided,internal VisionQA evaluation/benchmark,GOVERNANCE_GATE_REQUIRED,.jpg,image/jpeg,9231472,8736,11648,0.75,2ef75835815596778fe29d6a199dce33dafb68101e49e0bd0db85774495a3324,OK,,MODEL_PRESENT,PENDING_REVIEW,SG-03,EVALUATION_HOLDOUT,PROPOSED_NOT_MATERIALIZED
XY-0016,xiaoyu/38336c0278f55c00.jpg,customer-provided,internal VisionQA evaluation/benchmark,GOVERNANCE_GATE_REQUIRED,.jpg,image/jpeg,2069554,8736,11648,0.75,38336c0278f55c008c158f87a0f3af7425a7217e77c3c8937d26cf071dec44a1,OK,,MODEL_PRESENT,PENDING_REVIEW,SG-03,EVALUATION_HOLDOUT,PROPOSED_NOT_MATERIALIZED
XY-0017,xiaoyu/0eefb775e1df636f.jpg,customer-provided,internal VisionQA evaluation/benchmark,GOVERNANCE_GATE_REQUIRED,.jpg,image/jpeg,4660548,6672,8896,0.75,0eefb775e1df636fc4ed6bd2ed50ba237572c71f54e88184582c37128a26d9b2,OK,,MODEL_PRESENT,PENDING_REVIEW,SG-03,EVALUATION_HOLDOUT,PROPOSED_NOT_MATERIALIZED
XY-0018,xiaoyu/2ca5482df997772e.jpg,customer-provided,internal VisionQA evaluation/benchmark,GOVERNANCE_GATE_REQUIRED,.jpg,image/jpeg,2539001,8736,11648,0.75,2ca5482df997772ed88342b9a432c124f0e77f3579c20d2c95a3c8a0e41cdb0c,OK,,MODEL_PRESENT,PENDING_REVIEW,SG-03,EVALUATION_HOLDOUT,PROPOSED_NOT_MATERIALIZED
XY-0019,xiaoyu/bdd97c14a279270b.jpg,customer-provided,internal VisionQA evaluation/benchmark,GOVERNANCE_GATE_REQUIRED,.jpg,image/jpeg,5651065,7859,10479,0.75,bdd97c14a279270b622478983d7fa4f67f837fd4400bf5c7135065acbc8d12ac,OK,,MODEL_PRESENT,PENDING_REVIEW,SG-03,EVALUATION_HOLDOUT,PROPOSED_NOT_MATERIALIZED
XY-0020,xiaoyu/436e5798a8673dbb.jpg,customer-provided,internal VisionQA evaluation/benchmark,GOVERNANCE_GATE_REQUIRED,.jpg,image/jpeg,1532500,2752,3669,0.7501,436e5798a8673dbb04c9883f8925364f257ea74d193ea0c5638c8b82825fe1d8,OK,,PRODUCT_ONLY,PENDING_REVIEW,SG-04,DEVELOPMENT_REFERENCE,PROPOSED_NOT_MATERIALIZED
XY-0021,xiaoyu/dc2928e31e2675db.jpg,customer-provided,internal VisionQA evaluation/benchmark,GOVERNANCE_GATE_REQUIRED,.jpg,image/jpeg,2544006,3440,4587,0.7499,dc2928e31e2675dbfafd700cd3ca3eb719d8a93d70646cc991ec9c7e2d23d5b3,OK,,PRODUCT_ONLY,PENDING_REVIEW,SG-04,DEVELOPMENT_REFERENCE,PROPOSED_NOT_MATERIALIZED
XY-0022,xiaoyu/630dda2dd7607f98.jpg,customer-provided,internal VisionQA evaluation/benchmark,GOVERNANCE_GATE_REQUIRED,.jpg,image/jpeg,859133,3561,4749,0.7498,630dda2dd7607f9817c8e5877110650df486cb575ba3e4ba06d7b34dc023f85d,OK,,PRODUCT_ONLY,PENDING_REVIEW,SG-04,DEVELOPMENT_REFERENCE,PROPOSED_NOT_MATERIALIZED
XY-0023,xiaoyu/3405e011276d480b.jpg,customer-provided,internal VisionQA evaluation/benchmark,GOVERNANCE_GATE_REQUIRED,.jpg,image/jpeg,1298287,2677,3570,0.7499,3405e011276d480b002620a3e0c8647b10387e56dcb65aceef21d106d99d8a44,OK,,PRODUCT_ONLY,PENDING_REVIEW,SG-04,DEVELOPMENT_REFERENCE,PROPOSED_NOT_MATERIALIZED
XY-0024,xiaoyu/6c8810cf6287bc6f.jpg,customer-provided,internal VisionQA evaluation/benchmark,GOVERNANCE_GATE_REQUIRED,.jpg,image/jpeg,573563,1593,2124,0.75,6c8810cf6287bc6fdcdf3920a9cec5c8da67c09eff7d0409c8d61a4f4647ae7d,OK,,MODEL_PRESENT,PENDING_REVIEW,SG-04,DEVELOPMENT_REFERENCE,PROPOSED_NOT_MATERIALIZED
XY-0025,xiaoyu/e7393ef2d1f19578.jpg,customer-provided,internal VisionQA evaluation/benchmark,GOVERNANCE_GATE_REQUIRED,.jpg,image/jpeg,5954357,6345,8459,0.7501,e7393ef2d1f1957876c984d74fdde9304a2ec644fc491c1ad6456b3d7a974ab6,OK,,MODEL_PRESENT,PENDING_REVIEW,SG-04,DEVELOPMENT_REFERENCE,PROPOSED_NOT_MATERIALIZED
XY-0026,xiaoyu/1224ea91ba11ed6c.jpg,customer-provided,internal VisionQA evaluation/benchmark,GOVERNANCE_GATE_REQUIRED,.jpg,image/jpeg,10360723,7542,10056,0.75,1224ea91ba11ed6ca7ae6c14cb44c07d14a74ef46f8e1e45c0cc8b1f5006c8e6,OK,,MODEL_PRESENT,PENDING_REVIEW,SG-04,DEVELOPMENT_REFERENCE,PROPOSED_NOT_MATERIALIZED
XY-0027,xiaoyu/9e79f281574b7fd7.jpg,customer-provided,internal VisionQA evaluation/benchmark,GOVERNANCE_GATE_REQUIRED,.jpg,image/jpeg,5258646,6345,8459,0.7501,9e79f281574b7fd76f94f3c116aba95b80e46329527fd0f24710934e7900b3d8,OK,,MODEL_PRESENT,PENDING_REVIEW,SG-04,DEVELOPMENT_REFERENCE,PROPOSED_NOT_MATERIALIZED
XY-0028,xiaoyu/bfca1e2cc923270a.jpg,customer-provided,internal VisionQA evaluation/benchmark,GOVERNANCE_GATE_REQUIRED,.jpg,image/jpeg,2811795,6345,8459,0.7501,bfca1e2cc923270aaa448bf8eedb34cbb5d88a7f2a4d33c38288577ec07a02c9,OK,,MODEL_PRESENT,PENDING_REVIEW,SG-04,DEVELOPMENT_REFERENCE,PROPOSED_NOT_MATERIALIZED
XY-0029,xiaoyu/d5b064961a59c36a.jpg,customer-provided,internal VisionQA evaluation/benchmark,GOVERNANCE_GATE_REQUIRED,.jpg,image/jpeg,98732,788,1180,0.6678,d5b064961a59c36a875fb5aea29a876e7679b5fdef65f709f5d7c29011382573,OK,,MODEL_PRESENT,PENDING_REVIEW,SG-04,DEVELOPMENT_REFERENCE,PROPOSED_NOT_MATERIALIZED
XY-0030,xiaoyu/fd7e3fb17988a2d7.jpg,customer-provided,internal VisionQA evaluation/benchmark,GOVERNANCE_GATE_REQUIRED,.jpg,image/jpeg,407404,2897,3863,0.7499,fd7e3fb17988a2d7ba8c8e63834053ef3e89be42c9c1af5006293e0bc428592d,OK,,PRODUCT_ONLY,PENDING_REVIEW,SG-04,DEVELOPMENT_REFERENCE,PROPOSED_NOT_MATERIALIZED
XY-0031,xiaoyu/65dd6ba865e19c97.jpg,customer-provided,internal VisionQA evaluation/benchmark,GOVERNANCE_GATE_REQUIRED,.jpg,image/jpeg,5569923,7395,9860,0.75,65dd6ba865e19c9763b84b9a302c3af901e7363f58205fe9af1ff3be857fa8b9,OK,,MODEL_PRESENT,PENDING_REVIEW,SG-04,DEVELOPMENT_REFERENCE,PROPOSED_NOT_MATERIALIZED
XY-0032,xiaoyu/927c8ad769db53f4.jpg,customer-provided,internal VisionQA evaluation/benchmark,GOVERNANCE_GATE_REQUIRED,.jpg,image/jpeg,3393812,8470,11293,0.75,927c8ad769db53f4d238d316983b1c6eb953396365db94d0fdaafccc64ac3ebd,OK,,MODEL_PRESENT,PENDING_REVIEW,SG-04,DEVELOPMENT_REFERENCE,PROPOSED_NOT_MATERIALIZED
XY-0033,xiaoyu/620ad1d468b1174d.jpg,customer-provided,internal VisionQA evaluation/benchmark,GOVERNANCE_GATE_REQUIRED,.jpg,image/jpeg,3557402,8470,11293,0.75,620ad1d468b1174d3590628c4c7f99ef8e07659abc9f06b0a2032b3d5cfca7a0,OK,,MODEL_PRESENT,PENDING_REVIEW,SG-04,DEVELOPMENT_REFERENCE,PROPOSED_NOT_MATERIALIZED
XY-0034,xiaoyu/4318ad337c56d769.jpg,customer-provided,internal VisionQA evaluation/benchmark,GOVERNANCE_GATE_REQUIRED,.jpg,image/jpeg,2672494,6066,8088,0.75,4318ad337c56d769e2f736bf8606e6eb3975ccf9d7d69cdd674a837323fd1d2e,OK,,PRODUCT_ONLY,PENDING_REVIEW,SG-04,DEVELOPMENT_REFERENCE,PROPOSED_NOT_MATERIALIZED
XY-0035,xiaoyu/4fcd6ef65b8bffae.jpg,customer-provided,internal VisionQA evaluation/benchmark,GOVERNANCE_GATE_REQUIRED,.jpg,image/jpeg,1034717,5990,7987,0.75,4fcd6ef65b8bffae70092040077e32cb8e28b43a75f038246d4d89aa8f3055e3,OK,,PRODUCT_ONLY,PENDING_REVIEW,SG-04,DEVELOPMENT_REFERENCE,PROPOSED_NOT_MATERIALIZED
XY-0036,xiaoyu/934ed7b28039b5ab.jpg,customer-provided,internal VisionQA evaluation/benchmark,GOVERNANCE_GATE_REQUIRED,.jpg,image/jpeg,961704,5999,7999,0.75,934ed7b28039b5ab73eb09af8a0696f5cc5625e54203693a7a7a434c54931ae0,OK,,PRODUCT_ONLY,PENDING_REVIEW,SG-04,DEVELOPMENT_REFERENCE,PROPOSED_NOT_MATERIALIZED
XY-0037,xiaoyu/85a345cbb07adbd0.jpg,customer-provided,internal VisionQA evaluation/benchmark,GOVERNANCE_GATE_REQUIRED,.jpg,image/jpeg,6940545,8510,11347,0.75,85a345cbb07adbd0bb21782c6ca3785a54dda1f3b2f433e41fc547eaf0ef29f6,OK,,MODEL_PRESENT,PENDING_REVIEW,SG-05,DEVELOPMENT_REFERENCE,PROPOSED_NOT_MATERIALIZED
XY-0038,xiaoyu/99d490b051669b69.jpg,customer-provided,internal VisionQA evaluation/benchmark,GOVERNANCE_GATE_REQUIRED,.jpg,image/jpeg,2661400,8510,11346,0.75,99d490b051669b69011ce5cd153bd73d97265dd9387da0c64aa155e31cdc0523,OK,,MODEL_PRESENT,PENDING_REVIEW,SG-05,DEVELOPMENT_REFERENCE,PROPOSED_NOT_MATERIALIZED
XY-0039,xiaoyu/bd6c74346fdc0353.jpg,customer-provided,internal VisionQA evaluation/benchmark,GOVERNANCE_GATE_REQUIRED,.jpg,image/jpeg,3804650,8504,11339,0.75,bd6c74346fdc0353949fb5b9318c6c4e38102eb3ae667d674301563128498ec4,OK,,MODEL_PRESENT,PENDING_REVIEW,SG-05,DEVELOPMENT_REFERENCE,PROPOSED_NOT_MATERIALIZED
XY-0040,xiaoyu/8edaa3cf47e173cc.jpg,customer-provided,internal VisionQA evaluation/benchmark,GOVERNANCE_GATE_REQUIRED,.jpg,image/jpeg,2104267,8692,11589,0.75,8edaa3cf47e173cc6321fc5839cd9830a12b7b3330ba8465ec01b5a65852c64b,OK,,MODEL_PRESENT,PENDING_REVIEW,SG-05,DEVELOPMENT_REFERENCE,PROPOSED_NOT_MATERIALIZED
XY-0041,xiaoyu/7d5f191569aa1214.jpg,customer-provided,internal VisionQA evaluation/benchmark,GOVERNANCE_GATE_REQUIRED,.jpg,image/jpeg,7751669,8192,5464,1.4993,7d5f191569aa12141380f74dcc3eb617fa0f1e8ef21d2a69aa0cd8129bb76795,OK,,MODEL_PRESENT,PENDING_REVIEW,SG-06,DEVELOPMENT_REFERENCE,PROPOSED_NOT_MATERIALIZED
XY-0042,xiaoyu/5a6fd367098f0494.jpg,customer-provided,internal VisionQA evaluation/benchmark,GOVERNANCE_GATE_REQUIRED,.jpg,image/jpeg,4850503,5464,8192,0.667,5a6fd367098f04949855f2fbca55f8243bac8ea73172c59d95f0592f92c42b42,OK,,MODEL_PRESENT,PENDING_REVIEW,SG-06,DEVELOPMENT_REFERENCE,PROPOSED_NOT_MATERIALIZED
XY-0043,xiaoyu/7b206334f8a404df.jpg,customer-provided,internal VisionQA evaluation/benchmark,GOVERNANCE_GATE_REQUIRED,.jpg,image/jpeg,5572874,5411,8113,0.667,7b206334f8a404dfb8d077f0f6d8dd3944cb2b21b6f76d9698c0b7128635a84b,OK,,MODEL_PRESENT,PENDING_REVIEW,SG-06,DEVELOPMENT_REFERENCE,PROPOSED_NOT_MATERIALIZED
XY-0044,xiaoyu/e26645f9a608d973.jpg,customer-provided,internal VisionQA evaluation/benchmark,GOVERNANCE_GATE_REQUIRED,.jpg,image/jpeg,6951501,5411,8113,0.667,e26645f9a608d9737cb0dc9aa353b1084155d9ad94e648b594475900de94fe79,OK,,MODEL_PRESENT,PENDING_REVIEW,SG-06,DEVELOPMENT_REFERENCE,PROPOSED_NOT_MATERIALIZED
XY-0045,xiaoyu/6752134000d338dc.jpg,customer-provided,internal VisionQA evaluation/benchmark,GOVERNANCE_GATE_REQUIRED,.jpg,image/jpeg,356100,1179,1743,0.6764,6752134000d338dcddfd15112998bcd2893051f3e541e274fbc267e32bce5e5f,OK,,MODEL_PRESENT,PENDING_REVIEW,SG-07,EVALUATION_HOLDOUT,PROPOSED_NOT_MATERIALIZED
XY-0046,xiaoyu/3488d346da381c60.jpg,customer-provided,internal VisionQA evaluation/benchmark,GOVERNANCE_GATE_REQUIRED,.jpg,image/jpeg,368786,1179,1727,0.6827,3488d346da381c605cb080ff7b3a46013d556b533b3b763b5d15e1930f6f9f1b,OK,,MODEL_PRESENT,PENDING_REVIEW,SG-07,EVALUATION_HOLDOUT,PROPOSED_NOT_MATERIALIZED
XY-0047,xiaoyu/49d463dad2e4cb61.jpg,customer-provided,internal VisionQA evaluation/benchmark,GOVERNANCE_GATE_REQUIRED,.jpg,image/jpeg,338661,1179,1572,0.75,49d463dad2e4cb61a7e802be1df22d3d54cac9ea47b3e530e65ccc6f6c2ef1af,OK,,MODEL_PRESENT,PENDING_REVIEW,SG-07,EVALUATION_HOLDOUT,PROPOSED_NOT_MATERIALIZED
XY-0048,xiaoyu/ab6ec83b544cf494.jpg,customer-provided,internal VisionQA evaluation/benchmark,GOVERNANCE_GATE_REQUIRED,.jpg,image/jpeg,309180,1179,1572,0.75,ab6ec83b544cf494260d9ab527fe03b99ed3dd1618914684906abf62caa316ee,OK,,MODEL_PRESENT,PENDING_REVIEW,SG-07,EVALUATION_HOLDOUT,PROPOSED_NOT_MATERIALIZED
XY-0049,xiaoyu/7de4ab6f2a208976.jpg,customer-provided,internal VisionQA evaluation/benchmark,GOVERNANCE_GATE_REQUIRED,.jpg,image/jpeg,5281321,4371,6556,0.6667,7de4ab6f2a2089768690bac9ad4ccae965bf90add0c36d57c09ff7e471c7c497,OK,,MODEL_PRESENT,PENDING_REVIEW,SG-08,DEVELOPMENT_REFERENCE,PROPOSED_NOT_MATERIALIZED
XY-0050,xiaoyu/7b60aa70b363df70.jpg,customer-provided,internal VisionQA evaluation/benchmark,GOVERNANCE_GATE_REQUIRED,.jpg,image/jpeg,5375754,4371,6556,0.6667,7b60aa70b363df70e8538fae8a58a96cf8c1c6df94309af43da5b153f10cdaeb,OK,,MODEL_PRESENT,PENDING_REVIEW,SG-08,DEVELOPMENT_REFERENCE,PROPOSED_NOT_MATERIALIZED
XY-0051,xiaoyu/095807be84dc67a6.jpg,customer-provided,internal VisionQA evaluation/benchmark,GOVERNANCE_GATE_REQUIRED,.jpg,image/jpeg,8360513,4419,6629,0.6666,095807be84dc67a64e8172d7c46ac163285218b96c454223d52e5513419c3be0,OK,,MODEL_PRESENT,PENDING_REVIEW,SG-08,DEVELOPMENT_REFERENCE,PROPOSED_NOT_MATERIALIZED
XY-0052,xiaoyu/5fe44ca52473e5ff.jpg,customer-provided,internal VisionQA evaluation/benchmark,GOVERNANCE_GATE_REQUIRED,.jpg,image/jpeg,3739331,4351,6527,0.6666,5fe44ca52473e5ff8623595e83ae66c696575cc08ab721a21ea991f33b2332bc,OK,,MODEL_PRESENT,PENDING_REVIEW,SG-08,DEVELOPMENT_REFERENCE,PROPOSED_NOT_MATERIALIZED
XY-0053,xiaoyu/2a0bdbd7f3becaad.jpg,customer-provided,internal VisionQA evaluation/benchmark,GOVERNANCE_GATE_REQUIRED,.jpg,image/jpeg,3890520,8736,11648,0.75,2a0bdbd7f3becaad02d66b9b76f6077f53ca6b323b46d56f7ab505a7a8f374d8,OK,,MODEL_PRESENT,PENDING_REVIEW,SG-09,DEVELOPMENT_REFERENCE,PROPOSED_NOT_MATERIALIZED
XY-0054,xiaoyu/c04ba737108b36b9.jpg,customer-provided,internal VisionQA evaluation/benchmark,GOVERNANCE_GATE_REQUIRED,.jpg,image/jpeg,4646422,8736,11648,0.75,c04ba737108b36b9ecca3134cc9e092651a5703a304d2e8f8800dfa131fc2bcd,OK,,MODEL_PRESENT,PENDING_REVIEW,SG-09,DEVELOPMENT_REFERENCE,PROPOSED_NOT_MATERIALIZED
XY-0055,xiaoyu/3fb41a7f605eb237.jpg,customer-provided,internal VisionQA evaluation/benchmark,GOVERNANCE_GATE_REQUIRED,.jpg,image/jpeg,7372226,4415,6623,0.6666,3fb41a7f605eb237469b19bbabb960adec57509e3821075800a7661aa7fe38a8,OK,,MODEL_PRESENT,PENDING_REVIEW,SG-10,DEVELOPMENT_REFERENCE,PROPOSED_NOT_MATERIALIZED
XY-0056,xiaoyu/0615f764b1a84f11.jpg,customer-provided,internal VisionQA evaluation/benchmark,GOVERNANCE_GATE_REQUIRED,.jpg,image/jpeg,8547318,4558,6838,0.6666,0615f764b1a84f1160bbaa0da3313c919398278806fffa85ab084a130d568ccc,OK,,MODEL_PRESENT,PENDING_REVIEW,SG-10,DEVELOPMENT_REFERENCE,PROPOSED_NOT_MATERIALIZED
XY-0057,xiaoyu/3b5ef5a3ee412b9f.jpg,customer-provided,internal VisionQA evaluation/benchmark,GOVERNANCE_GATE_REQUIRED,.jpg,image/jpeg,7098891,4415,6623,0.6666,3b5ef5a3ee412b9f6d4e3ca90a04071982726a03a3582c8eae31d5a99f4f992f,OK,,MODEL_PRESENT,PENDING_REVIEW,SG-10,DEVELOPMENT_REFERENCE,PROPOSED_NOT_MATERIALIZED
XY-0058,xiaoyu/1c7350edaaf739fb.jpg,customer-provided,internal VisionQA evaluation/benchmark,GOVERNANCE_GATE_REQUIRED,.jpg,image/jpeg,8260733,4558,6838,0.6666,1c7350edaaf739fb14d6fc744b58e1469a80c3c66382d0d4a9f75084607ad47f,OK,,MODEL_PRESENT,PENDING_REVIEW,SG-10,DEVELOPMENT_REFERENCE,PROPOSED_NOT_MATERIALIZED
XY-0059,xiaoyu/ed7e06aeba409ec9.jpg,customer-provided,internal VisionQA evaluation/benchmark,GOVERNANCE_GATE_REQUIRED,.jpg,image/jpeg,6970196,4415,6623,0.6666,ed7e06aeba409ec9993279fec14978ae997dd72a1cdee628a96914f2e589e027,OK,,MODEL_PRESENT,PENDING_REVIEW,SG-10,DEVELOPMENT_REFERENCE,PROPOSED_NOT_MATERIALIZED
XY-0060,xiaoyu/67193f9b2d1bd04c.jpg,customer-provided,internal VisionQA evaluation/benchmark,GOVERNANCE_GATE_REQUIRED,.jpg,image/jpeg,7911039,4558,6838,0.6666,67193f9b2d1bd04c2643e45dec963d1cea6b318af5e4a530f9a193a22d15fd41,OK,,MODEL_PRESENT,PENDING_REVIEW,SG-10,DEVELOPMENT_REFERENCE,PROPOSED_NOT_MATERIALIZED
XY-0061,xiaoyu/0d0bce0a4e6fabbd.jpg,customer-provided,internal VisionQA evaluation/benchmark,GOVERNANCE_GATE_REQUIRED,.jpg,image/jpeg,6505281,4432,6648,0.6667,0d0bce0a4e6fabbd0fc391f588554316c04bad071d9a032a8616f8d822deddb0,OK,,MODEL_PRESENT,PENDING_REVIEW,SG-10,DEVELOPMENT_REFERENCE,PROPOSED_NOT_MATERIALIZED
XY-0062,xiaoyu/bf3b715ed1643085.jpg,customer-provided,internal VisionQA evaluation/benchmark,GOVERNANCE_GATE_REQUIRED,.jpg,image/jpeg,3224560,4558,6838,0.6666,bf3b715ed16430859c4ed8f4af5610bb6fbad311b36d470882004e0edcdd1879,OK,,MODEL_PRESENT,PENDING_REVIEW,SG-10,DEVELOPMENT_REFERENCE,PROPOSED_NOT_MATERIALIZED
XY-0063,xiaoyu/9a45bbec59fd734c.jpg,customer-provided,internal VisionQA evaluation/benchmark,GOVERNANCE_GATE_REQUIRED,.jpg,image/jpeg,6910790,4415,6623,0.6666,9a45bbec59fd734cd11b4c6da31988358f640ece006c43d4fc04f336fd44d911,OK,,MODEL_PRESENT,PENDING_REVIEW,SG-10,DEVELOPMENT_REFERENCE,PROPOSED_NOT_MATERIALIZED
XY-0064,xiaoyu/a371b249d2a80a56.jpg,customer-provided,internal VisionQA evaluation/benchmark,GOVERNANCE_GATE_REQUIRED,.jpg,image/jpeg,6271371,4432,6648,0.6667,a371b249d2a80a561e83caf86c230885bb3abc3b4a4b30840c60a69d2a4bea4f,OK,,MODEL_PRESENT,PENDING_REVIEW,SG-10,DEVELOPMENT_REFERENCE,PROPOSED_NOT_MATERIALIZED
XY-0065,xiaoyu/38d4c2a8c91bf9d5.jpg,customer-provided,internal VisionQA evaluation/benchmark,GOVERNANCE_GATE_REQUIRED,.jpg,image/jpeg,1529939,4562,6844,0.6666,38d4c2a8c91bf9d5f0b51060f9f3a05e0d5e2db798de55061fef0d50960e982f,OK,,MODEL_PRESENT,PENDING_REVIEW,SG-11,CALIBRATION_REVIEW,PROPOSED_NOT_MATERIALIZED
XY-0066,xiaoyu/34ed45f1aea941ac.jpg,customer-provided,internal VisionQA evaluation/benchmark,GOVERNANCE_GATE_REQUIRED,.jpg,image/jpeg,1525852,4562,6844,0.6666,34ed45f1aea941aca57f231b104d855578013615362a48f10af1b796fd318331,OK,,MODEL_PRESENT,PENDING_REVIEW,SG-11,CALIBRATION_REVIEW,PROPOSED_NOT_MATERIALIZED
XY-0067,xiaoyu/bb92bfcc54a2ad90.jpg,customer-provided,internal VisionQA evaluation/benchmark,GOVERNANCE_GATE_REQUIRED,.jpg,image/jpeg,764594,2324,3487,0.6665,bb92bfcc54a2ad900b64b3b21b3edcc5b3bc4c4fac07fe57c562f99f9fd12f4f,OK,,MODEL_PRESENT,PENDING_REVIEW,SG-11,CALIBRATION_REVIEW,PROPOSED_NOT_MATERIALIZED
XY-0068,xiaoyu/9e690314ff1924c2.jpg,customer-provided,internal VisionQA evaluation/benchmark,GOVERNANCE_GATE_REQUIRED,.jpg,image/jpeg,1267991,4562,6844,0.6666,9e690314ff1924c21ff8b565b0bc5162444a33d044fb790f9cf81dfe078e37f2,OK,,MODEL_PRESENT,PENDING_REVIEW,SG-11,CALIBRATION_REVIEW,PROPOSED_NOT_MATERIALIZED
XY-0069,xiaoyu/16d8b72be3b81069.jpg,customer-provided,internal VisionQA evaluation/benchmark,GOVERNANCE_GATE_REQUIRED,.jpg,image/jpeg,1450392,4562,6844,0.6666,16d8b72be3b81069bd610c22cf9c5a94fdf49adbfdf251e0eaa9c235b8005d96,OK,,MODEL_PRESENT,PENDING_REVIEW,SG-11,CALIBRATION_REVIEW,PROPOSED_NOT_MATERIALIZED
XY-0070,xiaoyu/6b7323112450ebf2.jpg,customer-provided,internal VisionQA evaluation/benchmark,GOVERNANCE_GATE_REQUIRED,.jpg,image/jpeg,5976505,3000,4000,0.75,6b7323112450ebf2a5f93bf90acf9993f0da56a7c02335d25b9c4666d3f22c84,OK,,MODEL_PRESENT,PENDING_REVIEW,SG-12,DEVELOPMENT_REFERENCE,PROPOSED_NOT_MATERIALIZED
XY-0071,xiaoyu/cec15d9de108ef5b.jpg,customer-provided,internal VisionQA evaluation/benchmark,GOVERNANCE_GATE_REQUIRED,.jpg,image/jpeg,5236538,3000,4000,0.75,cec15d9de108ef5b2bc994424e5426b7d0902b0bc12187b19cea90d9ba3913de,OK,,MODEL_PRESENT,PENDING_REVIEW,SG-12,DEVELOPMENT_REFERENCE,PROPOSED_NOT_MATERIALIZED
XY-0072,xiaoyu/0480402367dcd023.jpg,customer-provided,internal VisionQA evaluation/benchmark,GOVERNANCE_GATE_REQUIRED,.jpg,image/jpeg,165188,750,1000,0.75,0480402367dcd023ca757efaf54137cdee43533c9f5a0b5d4a66c5d3e06332fb,OK,,MODEL_PRESENT,PENDING_REVIEW,SG-13,EVALUATION_HOLDOUT,PROPOSED_NOT_MATERIALIZED
XY-0073,xiaoyu/5ddc5576f20e514c.jpg,customer-provided,internal VisionQA evaluation/benchmark,GOVERNANCE_GATE_REQUIRED,.jpg,image/jpeg,5312532,3000,4000,0.75,5ddc5576f20e514c8f94251c2d7b80f2721866f47a2b814e0fa5bcee28fa9e4b,OK,,MODEL_PRESENT,PENDING_REVIEW,SG-13,EVALUATION_HOLDOUT,PROPOSED_NOT_MATERIALIZED
XY-0074,xiaoyu/ce04f9e15089bc37.jpg,customer-provided,internal VisionQA evaluation/benchmark,GOVERNANCE_GATE_REQUIRED,.jpg,image/jpeg,5544846,3000,4000,0.75,ce04f9e15089bc3789c1d638b61261768a69fc33ebb29688a22898830f726c6f,OK,,MODEL_PRESENT,PENDING_REVIEW,SG-13,EVALUATION_HOLDOUT,PROPOSED_NOT_MATERIALIZED
XY-0075,xiaoyu/0bf3f0ede1c1bd25.jpg,customer-provided,internal VisionQA evaluation/benchmark,GOVERNANCE_GATE_REQUIRED,.jpg,image/jpeg,8961597,8071,10761,0.75,0bf3f0ede1c1bd25f3519779cf67cc63030efab14be8d6e67ebf27856ee05a6b,OK,,MODEL_PRESENT,PENDING_REVIEW,SG-14,CALIBRATION_REVIEW,PROPOSED_NOT_MATERIALIZED
XY-0076,xiaoyu/f97a128ca11fabfb.jpg,customer-provided,internal VisionQA evaluation/benchmark,GOVERNANCE_GATE_REQUIRED,.jpg,image/jpeg,6262719,8071,10761,0.75,f97a128ca11fabfb3b3cef0deb9474ea7554cee0f5e51a05dcdd92d449d057b4,OK,,MODEL_PRESENT,PENDING_REVIEW,SG-14,CALIBRATION_REVIEW,PROPOSED_NOT_MATERIALIZED
XY-0077,xiaoyu/bba3927ebf247a85.jpg,customer-provided,internal VisionQA evaluation/benchmark,GOVERNANCE_GATE_REQUIRED,.jpg,image/jpeg,6828140,8071,10761,0.75,bba3927ebf247a853e389f5e532fdd1868d7457d44f3d190c7d4a5bbda8df9d6,OK,,MODEL_PRESENT,PENDING_REVIEW,SG-14,CALIBRATION_REVIEW,PROPOSED_NOT_MATERIALIZED
XY-0078,xiaoyu/9c8a63f597e6dab5.jpg,customer-provided,internal VisionQA evaluation/benchmark,GOVERNANCE_GATE_REQUIRED,.jpg,image/jpeg,7020043,8071,10761,0.75,9c8a63f597e6dab5b98420446adaa1745700e4ff63a5e6b122d86629fbf8d093,OK,,MODEL_PRESENT,PENDING_REVIEW,SG-14,CALIBRATION_REVIEW,PROPOSED_NOT_MATERIALIZED
XY-0079,xiaoyu/3455b350affe0e67.jpg,customer-provided,internal VisionQA evaluation/benchmark,GOVERNANCE_GATE_REQUIRED,.jpg,image/jpeg,6725397,8071,10761,0.75,3455b350affe0e67a77f812053b75860870869b3d5817b67e9f2ab5ac7b37d46,OK,,MODEL_PRESENT,PENDING_REVIEW,SG-14,CALIBRATION_REVIEW,PROPOSED_NOT_MATERIALIZED
XY-0080,xiaoyu/3c7155da4109a5cc.jpg,customer-provided,internal VisionQA evaluation/benchmark,GOVERNANCE_GATE_REQUIRED,.jpg,image/jpeg,8338751,8071,10761,0.75,3c7155da4109a5ccf4177fa1ac1513e5c87b3c4280cf140ff21f588cd46c3372,OK,,MODEL_PRESENT,PENDING_REVIEW,SG-14,CALIBRATION_REVIEW,PROPOSED_NOT_MATERIALIZED
XY-0081,xiaoyu/eee4ad0ed3a25c31.jpg,customer-provided,internal VisionQA evaluation/benchmark,GOVERNANCE_GATE_REQUIRED,.jpg,image/jpeg,7275248,8071,10761,0.75,eee4ad0ed3a25c3178a0b98e5846e45fe77d22acba598f141775432e2fc409b6,OK,,MODEL_PRESENT,PENDING_REVIEW,SG-14,CALIBRATION_REVIEW,PROPOSED_NOT_MATERIALIZED
XY-0082,xiaoyu/aaefa83c08ac8519.jpg,customer-provided,internal VisionQA evaluation/benchmark,GOVERNANCE_GATE_REQUIRED,.jpg,image/jpeg,3763169,8511,11348,0.75,aaefa83c08ac8519a496c7aba3ed4fbde8632c996d6407b46e4e988e6e77677a,OK,,MODEL_PRESENT,PENDING_REVIEW,SG-15,DEVELOPMENT_REFERENCE,PROPOSED_NOT_MATERIALIZED
XY-0083,xiaoyu/7cfec31c91eefd55.jpg,customer-provided,internal VisionQA evaluation/benchmark,GOVERNANCE_GATE_REQUIRED,.jpg,image/jpeg,4513475,8509,11345,0.75,7cfec31c91eefd5534222ca08d38aa42ef256494d52ad004c69b0ecf154734d6,OK,,MODEL_PRESENT,PENDING_REVIEW,SG-15,DEVELOPMENT_REFERENCE,PROPOSED_NOT_MATERIALIZED
XY-0084,xiaoyu/f5b26f04232f10a6.jpg,customer-provided,internal VisionQA evaluation/benchmark,GOVERNANCE_GATE_REQUIRED,.jpg,image/jpeg,4544763,8510,11346,0.75,f5b26f04232f10a68c6183f9ca3224aa0513c4d77f9a467db2fbadc96fc9e631,OK,,MODEL_PRESENT,PENDING_REVIEW,SG-15,DEVELOPMENT_REFERENCE,PROPOSED_NOT_MATERIALIZED
XY-0085,xiaoyu/7124861ada7b55af.jpg,customer-provided,internal VisionQA evaluation/benchmark,GOVERNANCE_GATE_REQUIRED,.jpg,image/jpeg,4882809,8514,11352,0.75,7124861ada7b55afa7589e1b706bb70bcc9fc127d63189d650138c127852b0b9,OK,,MODEL_PRESENT,PENDING_REVIEW,SG-15,DEVELOPMENT_REFERENCE,PROPOSED_NOT_MATERIALIZED
XY-0086,xiaoyu/6cb298ef7f297e1b.jpg,customer-provided,internal VisionQA evaluation/benchmark,GOVERNANCE_GATE_REQUIRED,.jpg,image/jpeg,4080788,8159,10878,0.75,6cb298ef7f297e1b95847186f3fdb5bb25ec944271388e5675e55eac2a100f4d,OK,,MODEL_PRESENT,PENDING_REVIEW,SG-15,DEVELOPMENT_REFERENCE,PROPOSED_NOT_MATERIALIZED
XY-0087,xiaoyu/160f3789611e5d18.jpg,customer-provided,internal VisionQA evaluation/benchmark,GOVERNANCE_GATE_REQUIRED,.jpg,image/jpeg,9568223,8510,11347,0.75,160f3789611e5d18cee906bc12fad8045ad1b18ecad3eca1a9dd9a93330bba27,OK,,MODEL_PRESENT,PENDING_REVIEW,SG-15,DEVELOPMENT_REFERENCE,PROPOSED_NOT_MATERIALIZED
