case_id,status,evidence_mode,primary_category,secondary_category,input_type,planned_problem,target_region,default_strategy,truth_material_status,source_or_required_material,blind_acceptance_focus,missing_materials_or_blocker
RB-001,NOT_RUN,SYNTHETIC_INTERNAL_TEST_ONLY,GARMENT_STRUCTURE,COLOR_MATERIAL_TEXTURE,AI_MODEL_DRAFT,多出矩形翻盖工装口袋,画面左侧/模特右腿大腿外侧,LOCAL_REPAIR,AVAILABLE_FOR_PLANNING_ONLY,../synthetic_demo_sku_burgundy_trousers_v0.1/ 的真值板与受控缺陷图,只移除口袋且恢复连续纵向微褶；模特和构图不漂移,无真实 SKU 授权；不得外推为客户或模型证据
RB-002,NOT_RUN,MATERIALS_REQUIRED,BRAND_MARK,GARMENT_DECORATION,PRODUCT_WHITE_BACKGROUND,Logo 缺失或错位,胸前或裤侧已标注 Logo 区,DETERMINISTIC_COMPOSITE,NOT_AVAILABLE,官方 SVG/透明 PNG+正面真值图+位置尺寸规范,官方资产正确且非目标布料/图案不变,官方资产授权与对应视角真值缺失
RB-003,NOT_RUN,MATERIALS_REQUIRED,BRAND_MARK,GARMENT_DECORATION,AI_PRODUCT_IMAGE,字标被错拼或生成乱码,衣片已标注字标区,DETERMINISTIC_COMPOSITE,NOT_AVAILABLE,官方字标源文件+色值+透视参考,文字字符完全匹配且无新增营销文案,官方字标资产与使用授权缺失
RB-004,NOT_RUN,MATERIALS_REQUIRED,GARMENT_DECORATION,COLOR_MATERIAL_TEXTURE,AI_MODEL_DRAFT,刺绣/胶印断裂或错位,袖口或胸前已标注装饰区,LOCAL_REPAIR_OR_DETERMINISTIC_COMPOSITE,NOT_AVAILABLE,装饰细节近照+图案资产（如有）+工艺说明,图案完整、工艺边缘自然、周边织物不变,细节近照、工艺与可用资产缺失
RB-005,NOT_RUN,MATERIALS_REQUIRED,COLOR_MATERIAL_TEXTURE,GARMENT_STRUCTURE,AI_MODEL_DRAFT,主色偏移和纵向纹理断裂,裤腿或衣身限定区域,LOCAL_REPAIR,NOT_AVAILABLE,受控光白底图+面料近照+色卡/容差,颜色/纹理符合真值且不改变版型/光影,面料真值与色彩容差缺失
RB-006,NOT_RUN,MATERIALS_REQUIRED,GARMENT_STRUCTURE,COLOR_MATERIAL_TEXTURE,AI_MODEL_DRAFT,口袋/纽扣/领口结构错误,单一已标注结构部件,LOCAL_REPAIR,NOT_AVAILABLE,正背侧真值图+部件细节近照,部件数量位置和轮廓符合 SKU,完整多视角结构真值缺失
RB-007,NOT_RUN,MATERIALS_REQUIRED,HUMAN_ANATOMY,OCCLUSION_CONTACT,AI_MODEL_DRAFT,手指数量或手腕连接异常,一只手及与衣物接触边界,LOCAL_REPAIR_OR_REGENERATE,NOT_AVAILABLE,原图+人物身份锁定规则+服装接触区真值,人体自然且同一身份/姿势；衣物不被误改,模特肖像/用途授权及人工身份基准缺失
RB-008,NOT_RUN,MATERIALS_REQUIRED,HUMAN_ANATOMY,REGENERATE_DECISION,AI_MODEL_DRAFT,脸部身份漂移或肢体比例整体错误,脸部和全身骨架,REGENERATE,NOT_AVAILABLE,授权人物参考或明确不要求保身份的 Brief+SKU 真值,系统正确判定 REGENERATE，不伪装为局部修复,人物授权、身份策略和真值素材缺失
RB-009,NOT_RUN,MATERIALS_REQUIRED,OCCLUSION_CONTACT,GARMENT_STRUCTURE,AI_MODEL_DRAFT,手/头发遮住关键领口或 Logo,遮挡边界和被遮挡商品区,LOCAL_REPAIR_OR_REGENERATE,NOT_AVAILABLE,无遮挡商品真值+原图层级说明+官方 Logo 资产（如需）,遮挡关系自然；不可还原时正确 REGENERATE,无遮挡结构真值和人物授权缺失
RB-010,NOT_RUN,MATERIALS_REQUIRED,BACKGROUND_COMPOSITION,REGENERATE_DECISION,AI_MODEL_DRAFT,背景杂物或主体裁切/镜头错误,背景或画面边缘,LOCAL_REPAIR_OR_REGENERATE,NOT_AVAILABLE,构图母版+目标渠道画幅+主体可见范围,可局部清理时不改主体；裁切/镜头错误时 REGENERATE,渠道用途 Brief 和构图母版缺失
RB-011,NOT_RUN,MATERIALS_REQUIRED,REGENERATE_DECISION,GARMENT_STRUCTURE,AI_PRODUCT_IMAGE,多个关键 SKU 结构冲突且缺少对应视角真值,整件商品,REGENERATE,NOT_AVAILABLE,完整 SKU 多视角真值+候选图,系统给出 REGENERATE/BLOCKED，不输出虚假局部修正,完整真值和授权边界缺失
RB-012,NOT_RUN,MATERIALS_REQUIRED,DELIVERY_2K_4K,COLOR_MATERIAL_TEXTURE,REPAIR_OUTPUT,2K 修正图需 4K 尺寸交付,整图与关键纹理/边缘,DETERMINISTIC_RESAMPLE_OR_BLOCK,NOT_AVAILABLE,已人工接受的 2K 修正图+交付规格+清晰度用途要求,尺寸/画幅正确；明确不宣称细节重建；无法满足时 BLOCKED,无已接受修正图和客户交付规格
