"relative_path","sha256","bytes"
"candidate-labels.json","85A1E3380E64B676F6F7174FC087B7324D4E659289FCD896E0798944019D416F","8644"
"candidate-overview.png","0D92F6D3AFC0C7E8496970DD17DB28E177A7EFA51B415EF24C66497D2A465D20","3140023"
"candidates/SKU-DENIM-001-C01.png","6343445F8D260D2D945F80B903962A1E11329B0555F94061EB567B8152F182B5","455111"
"candidates/SKU-DENIM-001-C02.png","7FBD956654F4C30BC2730F8E417C75CBF059ECECFDB58E46F5CD28EC24DBE928","454416"
"candidates/SKU-DENIM-001-C03.png","DE30ACD93CD2BA36A6AED588137660ADAD12787E9B1E556EDFE8A5BE1A835D15","472867"
"candidates/SKU-DENIM-001-C04.png","B4019E11463D7120429DB5A6EFCF2B8BF071A3764C664779F68455FE0C962947","454681"
"candidates/SKU-DENIM-001-C05.png","7AFD1E846B31B18A40BEE78298857A8865E4D32C3B1598F2ACEC17889993C8A1","583569"
"candidates/SKU-DENIM-001-C06.png","017A8C1B2F71A7FD5C176FCC7E10363D5C0E0063F6D3FA9F234F648AC4AF1C39","586565"
"candidates/SKU-DENIM-001-C07.png","D33B4882D95D8E38A575413D9B724476CEA595DD37EABA044061BC5B2A47D985","580054"
"candidates/SKU-DENIM-001-C08.png","48CC05A2EE6267309E039A5054C1EBFE6BA86F6B4ED14C61D3CAB397F1CA738F","549981"
"candidates/SKU-KNIT-001-C01.png","6760159E4E866A6EA1453E41CE9B029C82153E686402D684132A0ACE56E38444","761790"
"candidates/SKU-KNIT-001-C02.png","25005F27B5293EE287730D07B879DA962D3AB403FB669C67A438A8CEE02A052F","771456"
"candidates/SKU-KNIT-001-C03.png","D9941983650827185E45095FB15D02699D75DF89BBBDB1F06D54D3BD9481C57C","801104"
"candidates/SKU-KNIT-001-C04.png","B1D91ED8F78D0CBE21A2E7B8BBEEFC54C424BD7E132A535C9FE4F1F1E057375D","684548"
"candidates/SKU-KNIT-001-C05.png","4B33BFA3B64F01C23F332004590B7716610C22BEE60ADE9D2AB51CBF2715E54C","427435"
"candidates/SKU-KNIT-001-C06.png","5F5CC6CFEF1C5664A63B54E45AEDD1D7285D1ABE3A0A7A904CC009DCE621D696","426286"
"candidates/SKU-KNIT-001-C07.png","B5F855607FBE36CBCDC74C82CF49AD170AD717311D52BBD5DE27C71C2B8AF947","421465"
"candidates/SKU-KNIT-001-C08.png","CDECF5AA780E9B97B8E210130CE14BD6F9D857BED80590CAF6DC974F95A329BD","443194"
"candidates/SKU-SATIN-001-C01.png","83833EA560B8B38654EFFB154B6DD507531D41F1F38A761B5F1C7816178E82A8","455837"
"candidates/SKU-SATIN-001-C02.png","29C1E33A365776F8AC3C2D815C243CD343C45140482F7F025A4B5AA84370476B","414096"
"candidates/SKU-SATIN-001-C03.png","E2EFD59778EB7491092AC7890DB6D1585A6DDFDE941DA659072D4834E8FACCA3","448821"
"candidates/SKU-SATIN-001-C04.png","92D0E3637BCC127DBAC6B65018681C1C8BE831CFBC533A66419B75D21807996D","462890"
"candidates/SKU-SATIN-001-C05.png","906DC38BD6583E58B37AA84F3139E2A0F4E6131E4DB8C0571A2A0F9B8C2D4046","420436"
"candidates/SKU-SATIN-001-C06.png","F634A577BC191858A0CD3246EA23FA2ED294F5B9E978B6A72C7205C20454AE70","417989"
"candidates/SKU-SATIN-001-C07.png","956CB08543B59C5784D9CDAAC89A1F414F5A57244E9C94EEEFB647468894B8BB","487161"
"candidates/SKU-SATIN-001-C08.png","06633E0C95436BD7C23865EE00EF184164B1EFDC607BC28BC9D8BF48BE9598AA","515471"
"SKU-DENIM-001_contact-sheet-a.png","AACF1D3918207EF3E09A329B801658B1FB4218077C242FCEA42198C31447932C","1640916"
"SKU-DENIM-001_contact-sheet-b.png","0D04A47B2DCE649120ED07B45B0EA54B8FAA211ACFA74D3C360EB5CA8F2F3F8F","1865552"
"SKU-DENIM-001_truth-board.png","F77BA97D863B9CA7E75D3F3FC011FDAD31C41CA73C1262A9E12696ACC4D49218","2209643"
"SKU-KNIT-001_contact-sheet-a.png","5E7D10A71A686B5165BEB2E8D3E177CD7C0AC66AED6833CAFF2A1E140ECABB36","2059154"
"SKU-KNIT-001_contact-sheet-b.png","D535AC6B970D848A6400F6531DD179DB823D77F2C22AC1680646DF278D223C6F","1487498"
"SKU-KNIT-001_truth-board.png","87B13D112880F69EC830060A11A3D25D36AE0335EB318653663F048F89E62E45","2230836"
"SKU-SATIN-001_contact-sheet-a.png","171543122F56D40FB5D6AEAFDD4BB893C343049CDC66F651AC3935A1989C81AB","1411703"
"SKU-SATIN-001_contact-sheet-b.png","989DA26540696293F494F733E3B3C6327EF4F1907653D088809C937F47D7C195","1456174"
"SKU-SATIN-001_truth-board.png","8D4CE65C1905716D67EC05A54553FBB68B6ADA0FEEA59EA84CFDC5E81587AD61","1391086"
