pilot_sample_id,selection_order,asset_id,source_alias,sha256,mime_type,bytes,width,height,aspect_ratio,initial_asset_type,classification_status,shoot_group,source_split,source_split_status,decode_status,usage_scope,external_transfer_policy,binary_in_project,selection_reason,integrity_against_manifest,channel,placement,sku_reference,ai_provenance,customer_display_authorized,human_decision,rework_rounds,review_duration_seconds,blocker_expected,blocker_detected,false_release,reviewer,reviewed_at,result_status,notes
PILOT-001,1,XY-0020,xiaoyu/436e5798a8673dbb.jpg,436e5798a8673dbb04c9883f8925364f257ea74d193ea0c5638c8b82825fe1d8,image/jpeg,1532500,2752,3669,0.7501,PRODUCT_ONLY,PENDING_REVIEW,SG-04,DEVELOPMENT_REFERENCE,PROPOSED_NOT_MATERIALIZED,OK,internal VisionQA evaluation/benchmark,GOVERNANCE_GATE_REQUIRED,NO,PRODUCT_BASELINE,MATCHED,TO_COLLECT,TO_COLLECT,TO_COLLECT,TO_COLLECT,NO,NOT_RUN,NOT_RUN,NOT_RUN,TO_LABEL,NOT_RUN,NOT_RUN,UNASSIGNED,NOT_RUN,WAITING_FOR_CONTEXT_AND_LOCAL_BINARY,NONE
PILOT-002,2,XY-0022,xiaoyu/630dda2dd7607f98.jpg,630dda2dd7607f9817c8e5877110650df486cb575ba3e4ba06d7b34dc023f85d,image/jpeg,859133,3561,4749,0.7498,PRODUCT_ONLY,PENDING_REVIEW,SG-04,DEVELOPMENT_REFERENCE,PROPOSED_NOT_MATERIALIZED,OK,internal VisionQA evaluation/benchmark,GOVERNANCE_GATE_REQUIRED,NO,PRODUCT_SMALL_FILE,MATCHED,TO_COLLECT,TO_COLLECT,TO_COLLECT,TO_COLLECT,NO,NOT_RUN,NOT_RUN,NOT_RUN,TO_LABEL,NOT_RUN,NOT_RUN,UNASSIGNED,NOT_RUN,WAITING_FOR_CONTEXT_AND_LOCAL_BINARY,NONE
PILOT-003,3,XY-0024,xiaoyu/6c8810cf6287bc6f.jpg,6c8810cf6287bc6fdcdf3920a9cec5c8da67c09eff7d0409c8d61a4f4647ae7d,image/jpeg,573563,1593,2124,0.75,MODEL_PRESENT,PENDING_REVIEW,SG-04,DEVELOPMENT_REFERENCE,PROPOSED_NOT_MATERIALIZED,OK,internal VisionQA evaluation/benchmark,GOVERNANCE_GATE_REQUIRED,NO,LOW_RESOLUTION_BOUNDARY,MATCHED,TO_COLLECT,TO_COLLECT,TO_COLLECT,TO_COLLECT,NO,NOT_RUN,NOT_RUN,NOT_RUN,TO_LABEL,NOT_RUN,NOT_RUN,UNASSIGNED,NOT_RUN,WAITING_FOR_CONTEXT_AND_LOCAL_BINARY,NONE
PILOT-004,4,XY-0026,xiaoyu/1224ea91ba11ed6c.jpg,1224ea91ba11ed6ca7ae6c14cb44c07d14a74ef46f8e1e45c0cc8b1f5006c8e6,image/jpeg,10360723,7542,10056,0.75,MODEL_PRESENT,PENDING_REVIEW,SG-04,DEVELOPMENT_REFERENCE,PROPOSED_NOT_MATERIALIZED,OK,internal VisionQA evaluation/benchmark,GOVERNANCE_GATE_REQUIRED,NO,LARGE_FILE_BOUNDARY,MATCHED,TO_COLLECT,TO_COLLECT,TO_COLLECT,TO_COLLECT,NO,NOT_RUN,NOT_RUN,NOT_RUN,TO_LABEL,NOT_RUN,NOT_RUN,UNASSIGNED,NOT_RUN,WAITING_FOR_CONTEXT_AND_LOCAL_BINARY,NONE
PILOT-005,5,XY-0029,xiaoyu/d5b064961a59c36a.jpg,d5b064961a59c36a875fb5aea29a876e7679b5fdef65f709f5d7c29011382573,image/jpeg,98732,788,1180,0.6678,MODEL_PRESENT,PENDING_REVIEW,SG-04,DEVELOPMENT_REFERENCE,PROPOSED_NOT_MATERIALIZED,OK,internal VisionQA evaluation/benchmark,GOVERNANCE_GATE_REQUIRED,NO,SMALL_FILE_BOUNDARY,MATCHED,TO_COLLECT,TO_COLLECT,TO_COLLECT,TO_COLLECT,NO,NOT_RUN,NOT_RUN,NOT_RUN,TO_LABEL,NOT_RUN,NOT_RUN,UNASSIGNED,NOT_RUN,WAITING_FOR_CONTEXT_AND_LOCAL_BINARY,NONE
PILOT-006,6,XY-0030,xiaoyu/fd7e3fb17988a2d7.jpg,fd7e3fb17988a2d7ba8c8e63834053ef3e89be42c9c1af5006293e0bc428592d,image/jpeg,407404,2897,3863,0.7499,PRODUCT_ONLY,PENDING_REVIEW,SG-04,DEVELOPMENT_REFERENCE,PROPOSED_NOT_MATERIALIZED,OK,internal VisionQA evaluation/benchmark,GOVERNANCE_GATE_REQUIRED,NO,PRODUCT_LOW_BYTES,MATCHED,TO_COLLECT,TO_COLLECT,TO_COLLECT,TO_COLLECT,NO,NOT_RUN,NOT_RUN,NOT_RUN,TO_LABEL,NOT_RUN,NOT_RUN,UNASSIGNED,NOT_RUN,WAITING_FOR_CONTEXT_AND_LOCAL_BINARY,NONE
PILOT-007,7,XY-0034,xiaoyu/4318ad337c56d769.jpg,4318ad337c56d769e2f736bf8606e6eb3975ccf9d7d69cdd674a837323fd1d2e,image/jpeg,2672494,6066,8088,0.75,PRODUCT_ONLY,PENDING_REVIEW,SG-04,DEVELOPMENT_REFERENCE,PROPOSED_NOT_MATERIALIZED,OK,internal VisionQA evaluation/benchmark,GOVERNANCE_GATE_REQUIRED,NO,PRODUCT_HIGH_RESOLUTION,MATCHED,TO_COLLECT,TO_COLLECT,TO_COLLECT,TO_COLLECT,NO,NOT_RUN,NOT_RUN,NOT_RUN,TO_LABEL,NOT_RUN,NOT_RUN,UNASSIGNED,NOT_RUN,WAITING_FOR_CONTEXT_AND_LOCAL_BINARY,NONE
PILOT-008,8,XY-0037,xiaoyu/85a345cbb07adbd0.jpg,85a345cbb07adbd0bb21782c6ca3785a54dda1f3b2f433e41fc547eaf0ef29f6,image/jpeg,6940545,8510,11347,0.75,MODEL_PRESENT,PENDING_REVIEW,SG-05,DEVELOPMENT_REFERENCE,PROPOSED_NOT_MATERIALIZED,OK,internal VisionQA evaluation/benchmark,GOVERNANCE_GATE_REQUIRED,NO,SHOOT_GROUP_COVERAGE,MATCHED,TO_COLLECT,TO_COLLECT,TO_COLLECT,TO_COLLECT,NO,NOT_RUN,NOT_RUN,NOT_RUN,TO_LABEL,NOT_RUN,NOT_RUN,UNASSIGNED,NOT_RUN,WAITING_FOR_CONTEXT_AND_LOCAL_BINARY,NONE
PILOT-009,9,XY-0041,xiaoyu/7d5f191569aa1214.jpg,7d5f191569aa12141380f74dcc3eb617fa0f1e8ef21d2a69aa0cd8129bb76795,image/jpeg,7751669,8192,5464,1.4993,MODEL_PRESENT,PENDING_REVIEW,SG-06,DEVELOPMENT_REFERENCE,PROPOSED_NOT_MATERIALIZED,OK,internal VisionQA evaluation/benchmark,GOVERNANCE_GATE_REQUIRED,NO,LANDSCAPE_BOUNDARY,MATCHED,TO_COLLECT,TO_COLLECT,TO_COLLECT,TO_COLLECT,NO,NOT_RUN,NOT_RUN,NOT_RUN,TO_LABEL,NOT_RUN,NOT_RUN,UNASSIGNED,NOT_RUN,WAITING_FOR_CONTEXT_AND_LOCAL_BINARY,NONE
PILOT-010,10,XY-0042,xiaoyu/5a6fd367098f0494.jpg,5a6fd367098f04949855f2fbca55f8243bac8ea73172c59d95f0592f92c42b42,image/jpeg,4850503,5464,8192,0.667,MODEL_PRESENT,PENDING_REVIEW,SG-06,DEVELOPMENT_REFERENCE,PROPOSED_NOT_MATERIALIZED,OK,internal VisionQA evaluation/benchmark,GOVERNANCE_GATE_REQUIRED,NO,PORTRAIT_PAIR,MATCHED,TO_COLLECT,TO_COLLECT,TO_COLLECT,TO_COLLECT,NO,NOT_RUN,NOT_RUN,NOT_RUN,TO_LABEL,NOT_RUN,NOT_RUN,UNASSIGNED,NOT_RUN,WAITING_FOR_CONTEXT_AND_LOCAL_BINARY,NONE
PILOT-011,11,XY-0049,xiaoyu/7de4ab6f2a208976.jpg,7de4ab6f2a2089768690bac9ad4ccae965bf90add0c36d57c09ff7e471c7c497,image/jpeg,5281321,4371,6556,0.6667,MODEL_PRESENT,PENDING_REVIEW,SG-08,DEVELOPMENT_REFERENCE,PROPOSED_NOT_MATERIALIZED,OK,internal VisionQA evaluation/benchmark,GOVERNANCE_GATE_REQUIRED,NO,SHOOT_GROUP_COVERAGE,MATCHED,TO_COLLECT,TO_COLLECT,TO_COLLECT,TO_COLLECT,NO,NOT_RUN,NOT_RUN,NOT_RUN,TO_LABEL,NOT_RUN,NOT_RUN,UNASSIGNED,NOT_RUN,WAITING_FOR_CONTEXT_AND_LOCAL_BINARY,NONE
PILOT-012,12,XY-0051,xiaoyu/095807be84dc67a6.jpg,095807be84dc67a64e8172d7c46ac163285218b96c454223d52e5513419c3be0,image/jpeg,8360513,4419,6629,0.6666,MODEL_PRESENT,PENDING_REVIEW,SG-08,DEVELOPMENT_REFERENCE,PROPOSED_NOT_MATERIALIZED,OK,internal VisionQA evaluation/benchmark,GOVERNANCE_GATE_REQUIRED,NO,LARGE_FILE_WITHIN_GROUP,MATCHED,TO_COLLECT,TO_COLLECT,TO_COLLECT,TO_COLLECT,NO,NOT_RUN,NOT_RUN,NOT_RUN,TO_LABEL,NOT_RUN,NOT_RUN,UNASSIGNED,NOT_RUN,WAITING_FOR_CONTEXT_AND_LOCAL_BINARY,NONE
PILOT-013,13,XY-0053,xiaoyu/2a0bdbd7f3becaad.jpg,2a0bdbd7f3becaad02d66b9b76f6077f53ca6b323b46d56f7ab505a7a8f374d8,image/jpeg,3890520,8736,11648,0.75,MODEL_PRESENT,PENDING_REVIEW,SG-09,DEVELOPMENT_REFERENCE,PROPOSED_NOT_MATERIALIZED,OK,internal VisionQA evaluation/benchmark,GOVERNANCE_GATE_REQUIRED,NO,HIGH_RESOLUTION_BOUNDARY,MATCHED,TO_COLLECT,TO_COLLECT,TO_COLLECT,TO_COLLECT,NO,NOT_RUN,NOT_RUN,NOT_RUN,TO_LABEL,NOT_RUN,NOT_RUN,UNASSIGNED,NOT_RUN,WAITING_FOR_CONTEXT_AND_LOCAL_BINARY,NONE
PILOT-014,14,XY-0055,xiaoyu/3fb41a7f605eb237.jpg,3fb41a7f605eb237469b19bbabb960adec57509e3821075800a7661aa7fe38a8,image/jpeg,7372226,4415,6623,0.6666,MODEL_PRESENT,PENDING_REVIEW,SG-10,DEVELOPMENT_REFERENCE,PROPOSED_NOT_MATERIALIZED,OK,internal VisionQA evaluation/benchmark,GOVERNANCE_GATE_REQUIRED,NO,SHOOT_GROUP_COVERAGE,MATCHED,TO_COLLECT,TO_COLLECT,TO_COLLECT,TO_COLLECT,NO,NOT_RUN,NOT_RUN,NOT_RUN,TO_LABEL,NOT_RUN,NOT_RUN,UNASSIGNED,NOT_RUN,WAITING_FOR_CONTEXT_AND_LOCAL_BINARY,NONE
PILOT-015,15,XY-0062,xiaoyu/bf3b715ed1643085.jpg,bf3b715ed16430859c4ed8f4af5610bb6fbad311b36d470882004e0edcdd1879,image/jpeg,3224560,4558,6838,0.6666,MODEL_PRESENT,PENDING_REVIEW,SG-10,DEVELOPMENT_REFERENCE,PROPOSED_NOT_MATERIALIZED,OK,internal VisionQA evaluation/benchmark,GOVERNANCE_GATE_REQUIRED,NO,WITHIN_GROUP_BYTES_VARIANCE,MATCHED,TO_COLLECT,TO_COLLECT,TO_COLLECT,TO_COLLECT,NO,NOT_RUN,NOT_RUN,NOT_RUN,TO_LABEL,NOT_RUN,NOT_RUN,UNASSIGNED,NOT_RUN,WAITING_FOR_CONTEXT_AND_LOCAL_BINARY,NONE
PILOT-016,16,XY-0070,xiaoyu/6b7323112450ebf2.jpg,6b7323112450ebf2a5f93bf90acf9993f0da56a7c02335d25b9c4666d3f22c84,image/jpeg,5976505,3000,4000,0.75,MODEL_PRESENT,PENDING_REVIEW,SG-12,DEVELOPMENT_REFERENCE,PROPOSED_NOT_MATERIALIZED,OK,internal VisionQA evaluation/benchmark,GOVERNANCE_GATE_REQUIRED,NO,SHOOT_GROUP_COVERAGE,MATCHED,TO_COLLECT,TO_COLLECT,TO_COLLECT,TO_COLLECT,NO,NOT_RUN,NOT_RUN,NOT_RUN,TO_LABEL,NOT_RUN,NOT_RUN,UNASSIGNED,NOT_RUN,WAITING_FOR_CONTEXT_AND_LOCAL_BINARY,NONE
PILOT-017,17,XY-0082,xiaoyu/aaefa83c08ac8519.jpg,aaefa83c08ac8519a496c7aba3ed4fbde8632c996d6407b46e4e988e6e77677a,image/jpeg,3763169,8511,11348,0.75,MODEL_PRESENT,PENDING_REVIEW,SG-15,DEVELOPMENT_REFERENCE,PROPOSED_NOT_MATERIALIZED,OK,internal VisionQA evaluation/benchmark,GOVERNANCE_GATE_REQUIRED,NO,SHOOT_GROUP_COVERAGE,MATCHED,TO_COLLECT,TO_COLLECT,TO_COLLECT,TO_COLLECT,NO,NOT_RUN,NOT_RUN,NOT_RUN,TO_LABEL,NOT_RUN,NOT_RUN,UNASSIGNED,NOT_RUN,WAITING_FOR_CONTEXT_AND_LOCAL_BINARY,NONE
