activity_id,required_type,target_account_id,scheduled_at,completed_at,participant_role,qualified_last_30d_workflow,pain_statement_verbatim,current_solution,current_monthly_cost_cny,current_rework_rate,decision_owner,success_metric,demo_customer_assets_authorized,demo_asset_count,context_complete_rate,human_decision_captured,rework_rounds_captured,review_time_captured,price_quoted_cny,quote_sent_at,payment_received_cny,payment_received_at,evidence_link,status,next_action
INT-01,INTERVIEW,TBD,NOT_SCHEDULED,NOT_COMPLETED,TO_ASSIGN,UNKNOWN,TO_COLLECT,TO_COLLECT,UNKNOWN,UNKNOWN,TO_COLLECT,TO_COLLECT,NOT_APPLICABLE,0,NOT_APPLICABLE,NOT_APPLICABLE,NOT_APPLICABLE,NOT_APPLICABLE,0,NOT_SENT,0,NOT_RECEIVED,NONE,NOT_STARTED,安排品牌或零售商访谈
INT-02,INTERVIEW,TBD,NOT_SCHEDULED,NOT_COMPLETED,TO_ASSIGN,UNKNOWN,TO_COLLECT,TO_COLLECT,UNKNOWN,UNKNOWN,TO_COLLECT,TO_COLLECT,NOT_APPLICABLE,0,NOT_APPLICABLE,NOT_APPLICABLE,NOT_APPLICABLE,NOT_APPLICABLE,0,NOT_SENT,0,NOT_RECEIVED,NONE,NOT_STARTED,安排品牌或零售商访谈
INT-03,INTERVIEW,TBD,NOT_SCHEDULED,NOT_COMPLETED,TO_ASSIGN,UNKNOWN,TO_COLLECT,TO_COLLECT,UNKNOWN,UNKNOWN,TO_COLLECT,TO_COLLECT,NOT_APPLICABLE,0,NOT_APPLICABLE,NOT_APPLICABLE,NOT_APPLICABLE,NOT_APPLICABLE,0,NOT_SENT,0,NOT_RECEIVED,NONE,NOT_STARTED,安排品牌或零售商访谈
INT-04,INTERVIEW,TBD,NOT_SCHEDULED,NOT_COMPLETED,TO_ASSIGN,UNKNOWN,TO_COLLECT,TO_COLLECT,UNKNOWN,UNKNOWN,TO_COLLECT,TO_COLLECT,NOT_APPLICABLE,0,NOT_APPLICABLE,NOT_APPLICABLE,NOT_APPLICABLE,NOT_APPLICABLE,0,NOT_SENT,0,NOT_RECEIVED,NONE,NOT_STARTED,安排品牌或零售商访谈
INT-05,INTERVIEW,TBD,NOT_SCHEDULED,NOT_COMPLETED,TO_ASSIGN,UNKNOWN,TO_COLLECT,TO_COLLECT,UNKNOWN,UNKNOWN,TO_COLLECT,TO_COLLECT,NOT_APPLICABLE,0,NOT_APPLICABLE,NOT_APPLICABLE,NOT_APPLICABLE,NOT_APPLICABLE,0,NOT_SENT,0,NOT_RECEIVED,NONE,NOT_STARTED,安排品牌或零售商访谈
INT-06,INTERVIEW,TBD,NOT_SCHEDULED,NOT_COMPLETED,TO_ASSIGN,UNKNOWN,TO_COLLECT,TO_COLLECT,UNKNOWN,UNKNOWN,TO_COLLECT,TO_COLLECT,NOT_APPLICABLE,0,NOT_APPLICABLE,NOT_APPLICABLE,NOT_APPLICABLE,NOT_APPLICABLE,0,NOT_SENT,0,NOT_RECEIVED,NONE,NOT_STARTED,安排服务商访谈
INT-07,INTERVIEW,TBD,NOT_SCHEDULED,NOT_COMPLETED,TO_ASSIGN,UNKNOWN,TO_COLLECT,TO_COLLECT,UNKNOWN,UNKNOWN,TO_COLLECT,TO_COLLECT,NOT_APPLICABLE,0,NOT_APPLICABLE,NOT_APPLICABLE,NOT_APPLICABLE,NOT_APPLICABLE,0,NOT_SENT,0,NOT_RECEIVED,NONE,NOT_STARTED,安排服务商访谈
INT-08,INTERVIEW,TBD,NOT_SCHEDULED,NOT_COMPLETED,TO_ASSIGN,UNKNOWN,TO_COLLECT,TO_COLLECT,UNKNOWN,UNKNOWN,TO_COLLECT,TO_COLLECT,NOT_APPLICABLE,0,NOT_APPLICABLE,NOT_APPLICABLE,NOT_APPLICABLE,NOT_APPLICABLE,0,NOT_SENT,0,NOT_RECEIVED,NONE,NOT_STARTED,安排服务商访谈
INT-09,INTERVIEW,TBD,NOT_SCHEDULED,NOT_COMPLETED,TO_ASSIGN,UNKNOWN,TO_COLLECT,TO_COLLECT,UNKNOWN,UNKNOWN,TO_COLLECT,TO_COLLECT,NOT_APPLICABLE,0,NOT_APPLICABLE,NOT_APPLICABLE,NOT_APPLICABLE,NOT_APPLICABLE,0,NOT_SENT,0,NOT_RECEIVED,NONE,NOT_STARTED,安排服务商访谈
INT-10,INTERVIEW,TBD,NOT_SCHEDULED,NOT_COMPLETED,TO_ASSIGN,UNKNOWN,TO_COLLECT,TO_COLLECT,UNKNOWN,UNKNOWN,TO_COLLECT,TO_COLLECT,NOT_APPLICABLE,0,NOT_APPLICABLE,NOT_APPLICABLE,NOT_APPLICABLE,NOT_APPLICABLE,0,NOT_SENT,0,NOT_RECEIVED,NONE,NOT_STARTED,安排服务商访谈
INT-11,INTERVIEW,TBD,NOT_SCHEDULED,NOT_COMPLETED,TO_ASSIGN,UNKNOWN,TO_COLLECT,TO_COLLECT,UNKNOWN,UNKNOWN,TO_COLLECT,TO_COLLECT,NOT_APPLICABLE,0,NOT_APPLICABLE,NOT_APPLICABLE,NOT_APPLICABLE,NOT_APPLICABLE,0,NOT_SENT,0,NOT_RECEIVED,NONE,NOT_STARTED,安排最强痛点细分补充访谈
INT-12,INTERVIEW,TBD,NOT_SCHEDULED,NOT_COMPLETED,TO_ASSIGN,UNKNOWN,TO_COLLECT,TO_COLLECT,UNKNOWN,UNKNOWN,TO_COLLECT,TO_COLLECT,NOT_APPLICABLE,0,NOT_APPLICABLE,NOT_APPLICABLE,NOT_APPLICABLE,NOT_APPLICABLE,0,NOT_SENT,0,NOT_RECEIVED,NONE,NOT_STARTED,安排最强痛点细分补充访谈
DEM-01,CONTROLLED_DEMO,TBD,NOT_SCHEDULED,NOT_COMPLETED,TO_ASSIGN,REQUIRED,TO_LINK_INTERVIEW,TO_LINK_INTERVIEW,UNKNOWN,UNKNOWN,TO_COLLECT,TO_COLLECT,NO,0,0,NO,NO,NO,0,NOT_SENT,0,NOT_RECEIVED,NONE,NOT_STARTED,先取得图片和屏幕展示授权
DEM-02,CONTROLLED_DEMO,TBD,NOT_SCHEDULED,NOT_COMPLETED,TO_ASSIGN,REQUIRED,TO_LINK_INTERVIEW,TO_LINK_INTERVIEW,UNKNOWN,UNKNOWN,TO_COLLECT,TO_COLLECT,NO,0,0,NO,NO,NO,0,NOT_SENT,0,NOT_RECEIVED,NONE,NOT_STARTED,先取得图片和屏幕展示授权
DEM-03,CONTROLLED_DEMO,TBD,NOT_SCHEDULED,NOT_COMPLETED,TO_ASSIGN,REQUIRED,TO_LINK_INTERVIEW,TO_LINK_INTERVIEW,UNKNOWN,UNKNOWN,TO_COLLECT,TO_COLLECT,NO,0,0,NO,NO,NO,0,NOT_SENT,0,NOT_RECEIVED,NONE,NOT_STARTED,先取得图片和屏幕展示授权
DEM-04,CONTROLLED_DEMO,TBD,NOT_SCHEDULED,NOT_COMPLETED,TO_ASSIGN,REQUIRED,TO_LINK_INTERVIEW,TO_LINK_INTERVIEW,UNKNOWN,UNKNOWN,TO_COLLECT,TO_COLLECT,NO,0,0,NO,NO,NO,0,NOT_SENT,0,NOT_RECEIVED,NONE,NOT_STARTED,先取得图片和屏幕展示授权
DEM-05,CONTROLLED_DEMO,TBD,NOT_SCHEDULED,NOT_COMPLETED,TO_ASSIGN,REQUIRED,TO_LINK_INTERVIEW,TO_LINK_INTERVIEW,UNKNOWN,UNKNOWN,TO_COLLECT,TO_COLLECT,NO,0,0,NO,NO,NO,0,NOT_SENT,0,NOT_RECEIVED,NONE,NOT_STARTED,先取得图片和屏幕展示授权
DEM-06,CONTROLLED_DEMO,TBD,NOT_SCHEDULED,NOT_COMPLETED,TO_ASSIGN,REQUIRED,TO_LINK_INTERVIEW,TO_LINK_INTERVIEW,UNKNOWN,UNKNOWN,TO_COLLECT,TO_COLLECT,NO,0,0,NO,NO,NO,0,NOT_SENT,0,NOT_RECEIVED,NONE,NOT_STARTED,先取得图片和屏幕展示授权
QUO-01,PRICED_PROPOSAL,TBD,NOT_SCHEDULED,NOT_COMPLETED,DECISION_OWNER,REQUIRED,TO_LINK_INTERVIEW,TO_LINK_INTERVIEW,UNKNOWN,UNKNOWN,TO_COLLECT,TO_COLLECT,REQUIRED,20,REQUIRED_100_PERCENT,REQUIRED,REQUIRED,REQUIRED,4800,NOT_SENT,0,NOT_RECEIVED,NONE,NOT_STARTED,合格演示后发同口径报价
QUO-02,PRICED_PROPOSAL,TBD,NOT_SCHEDULED,NOT_COMPLETED,DECISION_OWNER,REQUIRED,TO_LINK_INTERVIEW,TO_LINK_INTERVIEW,UNKNOWN,UNKNOWN,TO_COLLECT,TO_COLLECT,REQUIRED,20,REQUIRED_100_PERCENT,REQUIRED,REQUIRED,REQUIRED,4800,NOT_SENT,0,NOT_RECEIVED,NONE,NOT_STARTED,合格演示后发同口径报价
QUO-03,PRICED_PROPOSAL,TBD,NOT_SCHEDULED,NOT_COMPLETED,DECISION_OWNER,REQUIRED,TO_LINK_INTERVIEW,TO_LINK_INTERVIEW,UNKNOWN,UNKNOWN,TO_COLLECT,TO_COLLECT,REQUIRED,20,REQUIRED_100_PERCENT,REQUIRED,REQUIRED,REQUIRED,4800,NOT_SENT,0,NOT_RECEIVED,NONE,NOT_STARTED,合格演示后发同口径报价
PAY-01,PAYMENT,TBD,NOT_SCHEDULED,NOT_COMPLETED,DECISION_OWNER,REQUIRED,TO_LINK_INTERVIEW,TO_LINK_INTERVIEW,UNKNOWN,UNKNOWN,TO_COLLECT,TO_COLLECT,REQUIRED,20,REQUIRED_100_PERCENT,REQUIRED,REQUIRED,REQUIRED,4800,NOT_SENT,0,NOT_RECEIVED,NONE,NOT_STARTED,只以真实到账凭证关闭此项
