account_id,segment,account_name,public_evidence_url,why_in_pool_unverified,required_interview_role,public_contact_route,status,last_contacted_at,pain_verified,current_solution,last_30d_ai_image_volume,last_30d_rework_count,wtp_cny,next_action,owner
BR-01,BRAND_RETAILER,SHEIN,https://www.sheingroup.com/brands,多品牌线上时尚零售场景候选；痛点尚未验证,电商内容负责人或视觉质量负责人,官网媒体或合作入口,PUBLIC_CANDIDATE_UNCONTACTED,,UNKNOWN,UNKNOWN,UNKNOWN,UNKNOWN,UNKNOWN,通过用户现有人脉或正式商务身份请求20分钟访谈,Customer Discovery
BR-02,BRAND_RETAILER,URBAN REVIVO,https://www.ur.com.cn/,服饰零售与多渠道内容场景候选；痛点尚未验证,电商运营负责人或视觉负责人,官网联系入口,PUBLIC_CANDIDATE_UNCONTACTED,,UNKNOWN,UNKNOWN,UNKNOWN,UNKNOWN,UNKNOWN,优先寻找内容审核或电商上新团队内推,Customer Discovery
BR-03,BRAND_RETAILER,PEACEBIRD,https://peacebird.com/,多品牌服饰零售场景候选；痛点尚未验证,品牌电商内容负责人,官网联系入口,PUBLIC_CANDIDATE_UNCONTACTED,,UNKNOWN,UNKNOWN,UNKNOWN,UNKNOWN,UNKNOWN,请求近30天AI商品图返工流程访谈,Customer Discovery
BR-04,BRAND_RETAILER,Semir,https://www.semir.com/,多品牌服饰及电商业务场景候选；痛点尚未验证,电商视觉或商品内容负责人,官网联系入口,PUBLIC_CANDIDATE_UNCONTACTED,,UNKNOWN,UNKNOWN,UNKNOWN,UNKNOWN,UNKNOWN,先确认是否使用AI生成或AI修图商品素材,Customer Discovery
BR-05,BRAND_RETAILER,Bosideng,https://www.bosideng.com/,大规模服饰商品内容场景候选；痛点尚未验证,品牌视觉质量或电商负责人,官网联系入口,PUBLIC_CANDIDATE_UNCONTACTED,,UNKNOWN,UNKNOWN,UNKNOWN,UNKNOWN,UNKNOWN,从具体上新批次审核流程切入访谈,Customer Discovery
SV-01,SERVICE_PROVIDER,Baozun,https://ir.baozun.com/2026-04-23-Baozun-Files-Annual-Reports-for-Fiscal-Year-2025,品牌电商与内容服务候选；痛点尚未验证,数字营销内容运营或交付质量负责人,官网商务或公开IR转介,PUBLIC_CANDIDATE_UNCONTACTED,,UNKNOWN,UNKNOWN,UNKNOWN,UNKNOWN,UNKNOWN,验证多品牌交付中的审核成本与责任边界,Customer Discovery
SV-02,SERVICE_PROVIDER,BlueFocus,https://bluefocusgroup.com/index.html,内容开发与智能营销服务候选；痛点尚未验证,AIGC内容生产或质量负责人,官网商务联系入口,PUBLIC_CANDIDATE_UNCONTACTED,,UNKNOWN,UNKNOWN,UNKNOWN,UNKNOWN,UNKNOWN,验证AIGC图像交付前人工审核和返工流程,Customer Discovery
SV-03,SERVICE_PROVIDER,天下秀,https://www.inmyshow.com/,红人营销和AI投放内容场景候选；痛点尚未验证,内容交付或AI营销产品负责人,官网联系电话或联系入口,PUBLIC_CANDIDATE_UNCONTACTED,,UNKNOWN,UNKNOWN,UNKNOWN,UNKNOWN,UNKNOWN,确认是否承接服饰图像内容及审核责任,Customer Discovery
SV-04,SERVICE_PROVIDER,利欧数字,https://www.leo.cn/,整合营销与创意内容服务候选；痛点尚未验证,创意交付或数字内容运营负责人,官网邮箱info@leo.cn（发送前需用户业务身份授权）,PUBLIC_CANDIDATE_UNCONTACTED,,UNKNOWN,UNKNOWN,UNKNOWN,UNKNOWN,UNKNOWN,优先通过内推；无内推再由获授权业务邮箱发邀约,Customer Discovery
SV-05,SERVICE_PROVIDER,WPP Production,https://www.wpp.com/en/news/2026/01/wpp-launches-wpp-production-empowering-clients-to-reimagine-growth-with-world-class-content,AI与高速度内容生产场景候选；痛点尚未验证,中国区内容生产或质量负责人,官网联系入口,PUBLIC_CANDIDATE_UNCONTACTED,,UNKNOWN,UNKNOWN,UNKNOWN,UNKNOWN,UNKNOWN,验证大批量AI内容中错误放行和审计需求,Customer Discovery
