asset_id,source_number,adjudicated_assessability,score_status,adjudication_basis
CT-003,03,APPLICABLE,PENDING_ALIGNED_RESCORE,图片完整且具备商品、卖点和促销表达
CT-004,04,APPLICABLE,PENDING_ALIGNED_RESCORE,图片完整且具备商品、价格和活动表达
CT-006,06,NOT_ASSESSABLE,NO_SCORE,核心商品展示区域为空
CT-012,12,APPLICABLE,PENDING_ALIGNED_RESCORE,图片完整且具备商品与促销表达
CT-015,15,APPLICABLE,PENDING_ALIGNED_RESCORE,图片完整且具备商品与促销表达
CT-021,21,NOT_ASSESSABLE,NO_SCORE,核心商品展示区域为占位块
CT-024,24,APPLICABLE,PENDING_ALIGNED_RESCORE,图片完整且具备商品与价格表达
CT-025,25,APPLICABLE,PENDING_ALIGNED_RESCORE,图片完整且可按当前模板评分
CT-030,30,APPLICABLE,PENDING_ALIGNED_RESCORE,图片完整且具备商品、卖点和促销表达
CT-035,35,NOT_ASSESSABLE,NO_SCORE,主体商品区域为空
CT-042,42,APPLICABLE,PENDING_ALIGNED_RESCORE,图片完整且具备商品、卖点和价格表达
CT-043,43,APPLICABLE,PENDING_ALIGNED_RESCORE,图片完整且可按当前模板评分
CT-044,44,NOT_APPLICABLE,NO_SCORE,图片完整但缺少价格优惠和活动CTA更适合品牌或店铺穿搭图
CT-047,47,APPLICABLE,PENDING_ALIGNED_RESCORE,图片完整且具备商品、卖点和促销表达
CT-050,50,APPLICABLE,PENDING_ALIGNED_RESCORE,图片完整且具备商品与促销表达
