asset_id,source_number,assessability,fit_level,fit_score,product_subject_prominence,selling_point_clarity,promotion_hierarchy,mobile_readability,click_motivation,placement_fit,primary_strength,primary_gap,evidence_note,confidence
CT-003,03,APPLICABLE,,,,,,,,,,,,
CT-004,04,APPLICABLE,,,,,,,,,,,,
CT-012,12,APPLICABLE,,,,,,,,,,,,
CT-015,15,APPLICABLE,,,,,,,,,,,,
CT-024,24,APPLICABLE,,,,,,,,,,,,
CT-025,25,APPLICABLE,,,,,,,,,,,,
CT-030,30,APPLICABLE,,,,,,,,,,,,
CT-042,42,APPLICABLE,,,,,,,,,,,,
CT-043,43,APPLICABLE,,,,,,,,,,,,
CT-047,47,APPLICABLE,,,,,,,,,,,,
CT-050,50,APPLICABLE,,,,,,,,,,,,
