"asset_id","source_number","preview_path","first_template","product_category","channel","placement","brand_positioning","commercial_objective","visual_tone","layout_state","template_fit_label","evidence_notes","reviewer_1","reviewer_2","adjudication"
"commercial-seed-001","1","D:\BaiduNetdiskDownload\53套服装服饰主图\JPG预览图(预览查找不可编辑)\飞鱼素材库 (1).jpg","platform_promotion_main_image_v0.1","","platform_ecommerce","main_image","","promotion_conversion","","","","","","",""
"commercial-seed-002","2","D:\BaiduNetdiskDownload\53套服装服饰主图\JPG预览图(预览查找不可编辑)\飞鱼素材库 (2).jpg","platform_promotion_main_image_v0.1","","platform_ecommerce","main_image","","promotion_conversion","","","","","","",""
"commercial-seed-003","3","D:\BaiduNetdiskDownload\53套服装服饰主图\JPG预览图(预览查找不可编辑)\飞鱼素材库 (3).jpg","platform_promotion_main_image_v0.1","","platform_ecommerce","main_image","","promotion_conversion","","","","","","",""
"commercial-seed-004","4","D:\BaiduNetdiskDownload\53套服装服饰主图\JPG预览图(预览查找不可编辑)\飞鱼素材库 (4).jpg","platform_promotion_main_image_v0.1","","platform_ecommerce","main_image","","promotion_conversion","","","","","","",""
"commercial-seed-005","5","D:\BaiduNetdiskDownload\53套服装服饰主图\JPG预览图(预览查找不可编辑)\飞鱼素材库 (5).jpg","platform_promotion_main_image_v0.1","","platform_ecommerce","main_image","","promotion_conversion","","","","","","",""
"commercial-seed-006","6","D:\BaiduNetdiskDownload\53套服装服饰主图\JPG预览图(预览查找不可编辑)\飞鱼素材库 (6).jpg","platform_promotion_main_image_v0.1","","platform_ecommerce","main_image","","promotion_conversion","","","","","","",""
"commercial-seed-007","7","D:\BaiduNetdiskDownload\53套服装服饰主图\JPG预览图(预览查找不可编辑)\飞鱼素材库 (7).jpg","platform_promotion_main_image_v0.1","","platform_ecommerce","main_image","","promotion_conversion","","","","","","",""
"commercial-seed-008","8","D:\BaiduNetdiskDownload\53套服装服饰主图\JPG预览图(预览查找不可编辑)\飞鱼素材库 (8).jpg","platform_promotion_main_image_v0.1","","platform_ecommerce","main_image","","promotion_conversion","","","","","","",""
"commercial-seed-009","9","D:\BaiduNetdiskDownload\53套服装服饰主图\JPG预览图(预览查找不可编辑)\飞鱼素材库 (9).jpg","platform_promotion_main_image_v0.1","","platform_ecommerce","main_image","","promotion_conversion","","","","","","",""
"commercial-seed-010","10","D:\BaiduNetdiskDownload\53套服装服饰主图\JPG预览图(预览查找不可编辑)\飞鱼素材库 (10).jpg","platform_promotion_main_image_v0.1","","platform_ecommerce","main_image","","promotion_conversion","","","","","","",""
"commercial-seed-011","11","D:\BaiduNetdiskDownload\53套服装服饰主图\JPG预览图(预览查找不可编辑)\飞鱼素材库 (11).jpg","platform_promotion_main_image_v0.1","","platform_ecommerce","main_image","","promotion_conversion","","","","","","",""
"commercial-seed-012","12","D:\BaiduNetdiskDownload\53套服装服饰主图\JPG预览图(预览查找不可编辑)\飞鱼素材库 (12).jpg","platform_promotion_main_image_v0.1","","platform_ecommerce","main_image","","promotion_conversion","","","","","","",""
"commercial-seed-013","13","D:\BaiduNetdiskDownload\53套服装服饰主图\JPG预览图(预览查找不可编辑)\飞鱼素材库 (13).jpg","platform_promotion_main_image_v0.1","","platform_ecommerce","main_image","","promotion_conversion","","","","","","",""
"commercial-seed-014","14","D:\BaiduNetdiskDownload\53套服装服饰主图\JPG预览图(预览查找不可编辑)\飞鱼素材库 (14).jpg","platform_promotion_main_image_v0.1","","platform_ecommerce","main_image","","promotion_conversion","","","","","","",""
"commercial-seed-015","15","D:\BaiduNetdiskDownload\53套服装服饰主图\JPG预览图(预览查找不可编辑)\飞鱼素材库 (15).jpg","platform_promotion_main_image_v0.1","","platform_ecommerce","main_image","","promotion_conversion","","","","","","",""
"commercial-seed-016","16","D:\BaiduNetdiskDownload\53套服装服饰主图\JPG预览图(预览查找不可编辑)\飞鱼素材库 (16).jpg","platform_promotion_main_image_v0.1","","platform_ecommerce","main_image","","promotion_conversion","","","","","","",""
"commercial-seed-017","17","D:\BaiduNetdiskDownload\53套服装服饰主图\JPG预览图(预览查找不可编辑)\飞鱼素材库 (17).jpg","platform_promotion_main_image_v0.1","","platform_ecommerce","main_image","","promotion_conversion","","","","","","",""
"commercial-seed-018","18","D:\BaiduNetdiskDownload\53套服装服饰主图\JPG预览图(预览查找不可编辑)\飞鱼素材库 (18).jpg","platform_promotion_main_image_v0.1","","platform_ecommerce","main_image","","promotion_conversion","","","","","","",""
"commercial-seed-019","19","D:\BaiduNetdiskDownload\53套服装服饰主图\JPG预览图(预览查找不可编辑)\飞鱼素材库 (19).jpg","platform_promotion_main_image_v0.1","","platform_ecommerce","main_image","","promotion_conversion","","","","","","",""
"commercial-seed-020","20","D:\BaiduNetdiskDownload\53套服装服饰主图\JPG预览图(预览查找不可编辑)\飞鱼素材库 (20).jpg","platform_promotion_main_image_v0.1","","platform_ecommerce","main_image","","promotion_conversion","","","","","","",""
"commercial-seed-021","21","D:\BaiduNetdiskDownload\53套服装服饰主图\JPG预览图(预览查找不可编辑)\飞鱼素材库 (21).jpg","platform_promotion_main_image_v0.1","","platform_ecommerce","main_image","","promotion_conversion","","","","","","",""
"commercial-seed-022","22","D:\BaiduNetdiskDownload\53套服装服饰主图\JPG预览图(预览查找不可编辑)\飞鱼素材库 (22).jpg","platform_promotion_main_image_v0.1","","platform_ecommerce","main_image","","promotion_conversion","","","","","","",""
"commercial-seed-023","23","D:\BaiduNetdiskDownload\53套服装服饰主图\JPG预览图(预览查找不可编辑)\飞鱼素材库 (23).jpg","platform_promotion_main_image_v0.1","","platform_ecommerce","main_image","","promotion_conversion","","","","","","",""
"commercial-seed-024","24","D:\BaiduNetdiskDownload\53套服装服饰主图\JPG预览图(预览查找不可编辑)\飞鱼素材库 (24).jpg","platform_promotion_main_image_v0.1","","platform_ecommerce","main_image","","promotion_conversion","","","","","","",""
"commercial-seed-025","25","D:\BaiduNetdiskDownload\53套服装服饰主图\JPG预览图(预览查找不可编辑)\飞鱼素材库 (25).jpg","platform_promotion_main_image_v0.1","","platform_ecommerce","main_image","","promotion_conversion","","","","","","",""
"commercial-seed-026","26","D:\BaiduNetdiskDownload\53套服装服饰主图\JPG预览图(预览查找不可编辑)\飞鱼素材库 (26).jpg","platform_promotion_main_image_v0.1","","platform_ecommerce","main_image","","promotion_conversion","","","","","","",""
"commercial-seed-027","27","D:\BaiduNetdiskDownload\53套服装服饰主图\JPG预览图(预览查找不可编辑)\飞鱼素材库 (27).jpg","platform_promotion_main_image_v0.1","","platform_ecommerce","main_image","","promotion_conversion","","","","","","",""
"commercial-seed-028","28","D:\BaiduNetdiskDownload\53套服装服饰主图\JPG预览图(预览查找不可编辑)\飞鱼素材库 (28).jpg","platform_promotion_main_image_v0.1","","platform_ecommerce","main_image","","promotion_conversion","","","","","","",""
"commercial-seed-029","29","D:\BaiduNetdiskDownload\53套服装服饰主图\JPG预览图(预览查找不可编辑)\飞鱼素材库 (29).jpg","platform_promotion_main_image_v0.1","","platform_ecommerce","main_image","","promotion_conversion","","","","","","",""
"commercial-seed-030","30","D:\BaiduNetdiskDownload\53套服装服饰主图\JPG预览图(预览查找不可编辑)\飞鱼素材库 (30).jpg","platform_promotion_main_image_v0.1","","platform_ecommerce","main_image","","promotion_conversion","","","","","","",""
"commercial-seed-031","31","D:\BaiduNetdiskDownload\53套服装服饰主图\JPG预览图(预览查找不可编辑)\飞鱼素材库 (31).jpg","platform_promotion_main_image_v0.1","","platform_ecommerce","main_image","","promotion_conversion","","","","","","",""
"commercial-seed-032","32","D:\BaiduNetdiskDownload\53套服装服饰主图\JPG预览图(预览查找不可编辑)\飞鱼素材库 (32).jpg","platform_promotion_main_image_v0.1","","platform_ecommerce","main_image","","promotion_conversion","","","","","","",""
"commercial-seed-033","33","D:\BaiduNetdiskDownload\53套服装服饰主图\JPG预览图(预览查找不可编辑)\飞鱼素材库 (33).jpg","platform_promotion_main_image_v0.1","","platform_ecommerce","main_image","","promotion_conversion","","","","","","",""
"commercial-seed-034","34","D:\BaiduNetdiskDownload\53套服装服饰主图\JPG预览图(预览查找不可编辑)\飞鱼素材库 (34).jpg","platform_promotion_main_image_v0.1","","platform_ecommerce","main_image","","promotion_conversion","","","","","","",""
"commercial-seed-035","35","D:\BaiduNetdiskDownload\53套服装服饰主图\JPG预览图(预览查找不可编辑)\飞鱼素材库 (35).jpg","platform_promotion_main_image_v0.1","","platform_ecommerce","main_image","","promotion_conversion","","","","","","",""
"commercial-seed-036","36","D:\BaiduNetdiskDownload\53套服装服饰主图\JPG预览图(预览查找不可编辑)\飞鱼素材库 (36).jpg","platform_promotion_main_image_v0.1","","platform_ecommerce","main_image","","promotion_conversion","","","","","","",""
"commercial-seed-037","37","D:\BaiduNetdiskDownload\53套服装服饰主图\JPG预览图(预览查找不可编辑)\飞鱼素材库 (37).jpg","platform_promotion_main_image_v0.1","","platform_ecommerce","main_image","","promotion_conversion","","","","","","",""
"commercial-seed-038","38","D:\BaiduNetdiskDownload\53套服装服饰主图\JPG预览图(预览查找不可编辑)\飞鱼素材库 (38).jpg","platform_promotion_main_image_v0.1","","platform_ecommerce","main_image","","promotion_conversion","","","","","","",""
"commercial-seed-039","39","D:\BaiduNetdiskDownload\53套服装服饰主图\JPG预览图(预览查找不可编辑)\飞鱼素材库 (39).jpg","platform_promotion_main_image_v0.1","","platform_ecommerce","main_image","","promotion_conversion","","","","","","",""
"commercial-seed-040","40","D:\BaiduNetdiskDownload\53套服装服饰主图\JPG预览图(预览查找不可编辑)\飞鱼素材库 (40).jpg","platform_promotion_main_image_v0.1","","platform_ecommerce","main_image","","promotion_conversion","","","","","","",""
"commercial-seed-041","41","D:\BaiduNetdiskDownload\53套服装服饰主图\JPG预览图(预览查找不可编辑)\飞鱼素材库 (41).jpg","platform_promotion_main_image_v0.1","","platform_ecommerce","main_image","","promotion_conversion","","","","","","",""
"commercial-seed-042","42","D:\BaiduNetdiskDownload\53套服装服饰主图\JPG预览图(预览查找不可编辑)\飞鱼素材库 (42).jpg","platform_promotion_main_image_v0.1","","platform_ecommerce","main_image","","promotion_conversion","","","","","","",""
"commercial-seed-043","43","D:\BaiduNetdiskDownload\53套服装服饰主图\JPG预览图(预览查找不可编辑)\飞鱼素材库 (43).jpg","platform_promotion_main_image_v0.1","","platform_ecommerce","main_image","","promotion_conversion","","","","","","",""
"commercial-seed-044","44","D:\BaiduNetdiskDownload\53套服装服饰主图\JPG预览图(预览查找不可编辑)\飞鱼素材库 (44).jpg","platform_promotion_main_image_v0.1","","platform_ecommerce","main_image","","promotion_conversion","","","","","","",""
"commercial-seed-045","45","D:\BaiduNetdiskDownload\53套服装服饰主图\JPG预览图(预览查找不可编辑)\飞鱼素材库 (45).jpg","platform_promotion_main_image_v0.1","","platform_ecommerce","main_image","","promotion_conversion","","","","","","",""
"commercial-seed-046","46","D:\BaiduNetdiskDownload\53套服装服饰主图\JPG预览图(预览查找不可编辑)\飞鱼素材库 (46).jpg","platform_promotion_main_image_v0.1","","platform_ecommerce","main_image","","promotion_conversion","","","","","","",""
"commercial-seed-047","47","D:\BaiduNetdiskDownload\53套服装服饰主图\JPG预览图(预览查找不可编辑)\飞鱼素材库 (47).jpg","platform_promotion_main_image_v0.1","","platform_ecommerce","main_image","","promotion_conversion","","","","","","",""
"commercial-seed-048","48","D:\BaiduNetdiskDownload\53套服装服饰主图\JPG预览图(预览查找不可编辑)\飞鱼素材库 (48).jpg","platform_promotion_main_image_v0.1","","platform_ecommerce","main_image","","promotion_conversion","","","","","","",""
"commercial-seed-049","49","D:\BaiduNetdiskDownload\53套服装服饰主图\JPG预览图(预览查找不可编辑)\飞鱼素材库 (49).jpg","platform_promotion_main_image_v0.1","","platform_ecommerce","main_image","","promotion_conversion","","","","","","",""
"commercial-seed-050","50","D:\BaiduNetdiskDownload\53套服装服饰主图\JPG预览图(预览查找不可编辑)\飞鱼素材库 (50).jpg","platform_promotion_main_image_v0.1","","platform_ecommerce","main_image","","promotion_conversion","","","","","","",""
"commercial-seed-051","51","D:\BaiduNetdiskDownload\53套服装服饰主图\JPG预览图(预览查找不可编辑)\飞鱼素材库 (51).jpg","platform_promotion_main_image_v0.1","","platform_ecommerce","main_image","","promotion_conversion","","","","","","",""
"commercial-seed-052","52","D:\BaiduNetdiskDownload\53套服装服饰主图\JPG预览图(预览查找不可编辑)\飞鱼素材库 (52).jpg","platform_promotion_main_image_v0.1","","platform_ecommerce","main_image","","promotion_conversion","","","","","","",""
"commercial-seed-053","53","D:\BaiduNetdiskDownload\53套服装服饰主图\JPG预览图(预览查找不可编辑)\飞鱼素材库 (53).jpg","platform_promotion_main_image_v0.1","","platform_ecommerce","main_image","","promotion_conversion","","","","","","",""
