asset_id,source_number,product_category,layout_completeness,template_applicability,initial_fit_level,initial_fit_score,primary_strength,primary_gap,anchor_role,confidence,review_status
commercial-seed-001,1,女装上装,COMPLETE,APPLICABLE,HIGH,88,商品与价格入口清晰,优惠信息略多,NONE,0.82,PENDING_SECOND_REVIEW
commercial-seed-002,2,连衣裙,COMPLETE,APPLICABLE,HIGH,90,主体突出且价格层级明确,左侧卖点字号偏小,NONE,0.84,PENDING_SECOND_REVIEW
commercial-seed-003,3,运动上装,COMPLETE,APPLICABLE,HIGH,92,移动端主体与折扣信息识别快,辅助券信息与主价格略分离,HIGH_ANCHOR,0.90,PENDING_SECOND_REVIEW
commercial-seed-004,4,连衣裙,COMPLETE,APPLICABLE,MEDIUM,83,人物与商品焦点明确,促销层级和卖点证据偏弱,BOUNDARY_ANCHOR,0.82,PENDING_SECOND_REVIEW
commercial-seed-005,5,童装背带裤,COMPLETE,APPLICABLE,HIGH,90,商品颜色与券信息同时清晰,价格与券的竞争略强,NONE,0.88,PENDING_SECOND_REVIEW
commercial-seed-006,6,未知商品,PLACEHOLDER,NOT_ASSESSABLE,NOT_ASSESSABLE,,促销框架完整,核心商品区域为空,NOT_ASSESSABLE_ANCHOR,0.98,PENDING_SECOND_REVIEW
commercial-seed-007,7,未知商品,PLACEHOLDER,NOT_ASSESSABLE,NOT_ASSESSABLE,,季节与优惠气氛明确,核心商品区域为空,NONE,0.98,PENDING_SECOND_REVIEW
commercial-seed-008,8,未知商品,PLACEHOLDER,NOT_ASSESSABLE,NOT_ASSESSABLE,,优惠层级可识别,商品与卖点区域为空,NONE,0.98,PENDING_SECOND_REVIEW
commercial-seed-009,9,针织上装,COMPLETE,APPLICABLE,HIGH,88,保暖卖点与商品关系明确,底部促销信息偏拥挤,NONE,0.86,PENDING_SECOND_REVIEW
commercial-seed-010,10,未知商品,PLACEHOLDER,NOT_ASSESSABLE,NOT_ASSESSABLE,,价格和活动结构完整,主体商品区域为空,NONE,0.99,PENDING_SECOND_REVIEW
commercial-seed-011,11,针织上装,COMPLETE,APPLICABLE,MEDIUM,84,季节感与品牌气氛成立,卖点与促销层级较弱,NONE,0.80,PENDING_SECOND_REVIEW
commercial-seed-012,12,羽绒服,COMPLETE,APPLICABLE,HIGH,91,材质卖点图标与多人穿着效果清楚,底部折扣信息较密,HIGH_ANCHOR,0.90,PENDING_SECOND_REVIEW
commercial-seed-013,13,针织围巾,COMPLETE,APPLICABLE,MEDIUM,86,材质比例与保暖感表达具体,底部价格和券信息拥挤,NONE,0.84,PENDING_SECOND_REVIEW
commercial-seed-014,14,女装上装,COMPLETE,APPLICABLE,HIGH,89,透气柔软等卖点有视觉指向,装饰元素略多,NONE,0.86,PENDING_SECOND_REVIEW
commercial-seed-015,15,运动紧身裤,COMPLETE,APPLICABLE,HIGH,93,商品功能和活动价格形成清晰层级,裁切较紧且人物不完整,HIGH_ANCHOR,0.92,PENDING_SECOND_REVIEW
commercial-seed-016,16,针织上装,COMPLETE,APPLICABLE,HIGH,90,季节主题与直播秒杀信息清楚,商品细节卖点不足,NONE,0.87,PENDING_SECOND_REVIEW
commercial-seed-017,17,男装衬衫,COMPLETE,APPLICABLE,MEDIUM,86,商品主体与价格识别直接,折扣与权益文字较小,NONE,0.83,PENDING_SECOND_REVIEW
commercial-seed-018,18,女装上装,COMPLETE,APPLICABLE,HIGH,88,颜色与面料选项表达清楚,底部价格公式略复杂,NONE,0.85,PENDING_SECOND_REVIEW
commercial-seed-019,19,运动吊带,COMPLETE,APPLICABLE,HIGH,91,夏季功能卖点和价格入口鲜明,底部会员信息密度偏高,NONE,0.89,PENDING_SECOND_REVIEW
commercial-seed-020,20,印花上装,COMPLETE,APPLICABLE,MEDIUM,82,新品氛围和人物吸引力强,商品细节与核心卖点不足,NONE,0.82,PENDING_SECOND_REVIEW
commercial-seed-021,21,塑身衣,PLACEHOLDER,NOT_ASSESSABLE,NOT_ASSESSABLE,,功能卖点结构清楚,商品展示区域为空,NOT_ASSESSABLE_ANCHOR,0.98,PENDING_SECOND_REVIEW
commercial-seed-022,22,针织吊带,COMPLETE,APPLICABLE,HIGH,89,面料功能与商品穿着效果对应,价格区略压缩主体,NONE,0.86,PENDING_SECOND_REVIEW
commercial-seed-023,23,女装上装,COMPLETE,APPLICABLE,HIGH,87,优惠与搭配氛围明确,彩色装饰削弱商品焦点,NONE,0.84,PENDING_SECOND_REVIEW
commercial-seed-024,24,女士内裤,COMPLETE,APPLICABLE,HIGH,92,商品本体和轻薄卖点表达直接,促销权益较少,HIGH_ANCHOR,0.92,PENDING_SECOND_REVIEW
commercial-seed-025,25,塑身衣,PARTIAL,APPLICABLE,MEDIUM,81,支撑功能和使用场景可理解,商品本体展示不足且含占位,BOUNDARY_ANCHOR,0.85,PENDING_SECOND_REVIEW
commercial-seed-026,26,针织围巾,COMPLETE,APPLICABLE,HIGH,88,材质细节和冬季场景共同支持卖点,价格信息略分散,NONE,0.87,PENDING_SECOND_REVIEW
commercial-seed-027,27,男士内裤,COMPLETE,APPLICABLE,HIGH,92,商品本体突出且功能文案克制,品牌和优惠层级较弱,NONE,0.91,PENDING_SECOND_REVIEW
commercial-seed-028,28,塑身衣,PLACEHOLDER,NOT_ASSESSABLE,NOT_ASSESSABLE,,功能与价格结构可识别,商品区域为空,NONE,0.99,PENDING_SECOND_REVIEW
commercial-seed-029,29,内衣,PLACEHOLDER,NOT_ASSESSABLE,NOT_ASSESSABLE,,价格对比与促销口号强,没有商品视觉证据,NONE,0.97,PENDING_SECOND_REVIEW
commercial-seed-030,30,防晒外套,COMPLETE,APPLICABLE,HIGH,91,功能卖点与使用场景高度一致,底部活动文案较密,HIGH_ANCHOR,0.92,PENDING_SECOND_REVIEW
commercial-seed-031,31,未知商品,PLACEHOLDER,NOT_ASSESSABLE,NOT_ASSESSABLE,,面料功能与优惠结构存在,商品展示区域为空,NONE,0.99,PENDING_SECOND_REVIEW
commercial-seed-032,32,连衣裙,COMPLETE,APPLICABLE,HIGH,88,人物和颜色选择区清楚,促销信息与商品卖点连接较弱,NONE,0.85,PENDING_SECOND_REVIEW
commercial-seed-033,33,男装T恤,COMPLETE,APPLICABLE,HIGH,90,穿着效果和折扣信息识别快,品牌与颜色标签较弱,NONE,0.88,PENDING_SECOND_REVIEW
commercial-seed-034,34,运动卫衣,COMPLETE,APPLICABLE,HIGH,91,场景动作与低价形成强点击入口,卖点证据较少,NONE,0.89,PENDING_SECOND_REVIEW
commercial-seed-035,35,未知商品,PLACEHOLDER,NOT_ASSESSABLE,NOT_ASSESSABLE,,价格与优惠结构突出,主体商品区域为空,NOT_ASSESSABLE_ANCHOR,0.99,PENDING_SECOND_REVIEW
commercial-seed-036,36,未知商品,PLACEHOLDER,NOT_ASSESSABLE,NOT_ASSESSABLE,,材质标签和价格入口完整,主体商品区域为空,NONE,0.99,PENDING_SECOND_REVIEW
commercial-seed-037,37,女装上装,COMPLETE,APPLICABLE,HIGH,88,面料卖点与人物气质一致,价格区占比偏大,NONE,0.86,PENDING_SECOND_REVIEW
commercial-seed-038,38,吊带上装,COMPLETE,APPLICABLE,MEDIUM,85,人物与商品保持简洁高级,促销层级和卖点证据偏弱,NONE,0.82,PENDING_SECOND_REVIEW
commercial-seed-039,39,女装T恤,COMPLETE,APPLICABLE,MEDIUM,83,人物展示和价格入口明确,优惠规则过多且字号小,NONE,0.86,PENDING_SECOND_REVIEW
commercial-seed-040,40,未知商品,PLACEHOLDER,NOT_ASSESSABLE,NOT_ASSESSABLE,,优惠结构具有明显层级,商品主体完全缺失,NONE,0.99,PENDING_SECOND_REVIEW
commercial-seed-041,41,未知商品,PLACEHOLDER,NOT_ASSESSABLE,NOT_ASSESSABLE,,活动价格和优惠入口清晰,核心商品区域为空,NONE,0.99,PENDING_SECOND_REVIEW
commercial-seed-042,42,运动内衣,COMPLETE,APPLICABLE,HIGH,91,强度卖点与运动人物直接对应,价格和折扣信息略多,HIGH_ANCHOR,0.91,PENDING_SECOND_REVIEW
commercial-seed-043,43,连衣裙,COMPLETE,APPLICABLE,MEDIUM,78,新品与创意风格有记忆点,装饰和文字削弱商品与价格层级,BOUNDARY_ANCHOR,0.88,PENDING_SECOND_REVIEW
commercial-seed-044,44,连衣裙,COMPLETE,APPLICABLE,MEDIUM,74,版型和新品主题可识别,高密度图形与标题争夺主体,BOUNDARY_ANCHOR,0.91,PENDING_SECOND_REVIEW
commercial-seed-045,45,休闲卫衣,COMPLETE,APPLICABLE,HIGH,90,材质版型与促销信息结构清楚,人物耳机与持物略分散注意,NONE,0.87,PENDING_SECOND_REVIEW
commercial-seed-046,46,儿童运动服,COMPLETE,APPLICABLE,MEDIUM,84,运动场景和功能标签一致,商品套装细节展示不足,NONE,0.84,PENDING_SECOND_REVIEW
commercial-seed-047,47,亲子羽绒服,COMPLETE,APPLICABLE,HIGH,94,材质卖点亲子场景价格层级全部清楚,活动标签略多,HIGH_ANCHOR,0.94,PENDING_SECOND_REVIEW
commercial-seed-048,48,女装上装,COMPLETE,APPLICABLE,MEDIUM,82,真实户外场景强化季节感,多组价格与权益缺少单一主层级,NONE,0.88,PENDING_SECOND_REVIEW
commercial-seed-049,49,连衣裙,COMPLETE,APPLICABLE,MEDIUM,77,穿搭主题与多商品组合有创意,主体分散且促销入口不够集中,NONE,0.89,PENDING_SECOND_REVIEW
commercial-seed-050,50,童装背带裤,COMPLETE,APPLICABLE,HIGH,93,商品颜色人物动作和价格都高度可识别,底部满减信息略密,HIGH_ANCHOR,0.93,PENDING_SECOND_REVIEW
commercial-seed-051,51,儿童外套,COMPLETE,APPLICABLE,HIGH,90,商品本体和防护功能图标表达明确,折扣与优惠缺少优先级,NONE,0.89,PENDING_SECOND_REVIEW
commercial-seed-052,52,连衣裙,COMPLETE,APPLICABLE,HIGH,89,人物与券信息形成明确左右分区,促销卡片略抢商品焦点,NONE,0.86,PENDING_SECOND_REVIEW
commercial-seed-053,53,针织上装,COMPLETE,APPLICABLE,HIGH,88,上新价格与利益点识别快,商品细节卖点不足,NONE,0.86,PENDING_SECOND_REVIEW
