asset_id,source_number,assessability,fit_level,fit_score,selling_point_clarity,visual_attraction,platform_adaptation,brand_consistency,conversion_readiness,information_efficiency,blocking_issue,evidence,confidence,reviewer_notes
CT-003,03,APPLICABLE,MEDIUM,72,70,75,70,70,75,65,右上 LOGO + 中间 LOGO + 左下 LOGO 三处品牌标堆叠拉低一致性,左上 / 右上 / 左下 三处品牌标重复；模特大但促销语挤压,0.78,模特 + 商品识别好；价格 + 促销强；三处品牌标堆叠略降一致性
CT-004,04,APPLICABLE,HIGH,82,80,85,85,75,85,80,无明显阻塞；模特身材修长偏 AI 感但不影响评估,模特动态姿势 + 卖点横排 + 价格橙框；结构标准化,0.85,标准天猫促销主图范式；结构清晰；主体识别 + 卖点 + 促销均到位
CT-006,06,APPLICABLE,LOW,48,55,45,50,50,55,40,商品主体在版面中占比过小；移动端辨识度不足,单个瓶子在白底中央偏小；促销标语 + 价格分散到空白边缘,0.82,商品主体识别不达标；移动端缩略图状态下瓶子几乎不可见
CT-012,12,APPLICABLE,HIGH,84,82,85,88,80,88,78,无明显阻塞,双人合影构图 + 左卖点 + 右下价格横幅,0.88,促销主图范式完整；双模特增强商品识别 + 价格促销强
CT-015,15,APPLICABLE,MEDIUM,70,72,70,75,70,65,60,右下多 SKU 价格字小堆密；移动端难读,右下区域四个价格 + SKU 信息密度过高,0.75,模特展示好但价格区堆叠压缩主体；呼吸感弱
CT-021,21,APPLICABLE,MEDIUM,74,78,72,78,70,80,65,左中部价签信息密度与卖点混排,中下部价格区小字 + 中腰果臀卖点 + 58 元起跨货架右,0.78,货架展示商品 + 卖点强；价签密度 + 促销层级可优化
CT-024,24,APPLICABLE,MEDIUM,73,72,70,78,75,78,70,商品重复展示；弱化主推单品,三条短裤上下堆叠展示；主推单品不明,0.78,三角裤多色展示但主推单品不明确；促销信息 + 价格规范
CT-025,25,APPLICABLE,MEDIUM,67,68,60,62,60,70,65,商品主体占比偏小；文字主导挤压模特识别,中间 柔软 大字 + 字体修饰占用主图视觉中心；模特在左下偏小,0.75,创意类主图；与天猫促销主图主流（模特大 + 卖点清晰）适配度较低
CT-030,30,APPLICABLE,HIGH,86,85,88,88,80,88,80,无明显阻塞,模特大 + 左卖点 + 底价 + 促销卡片结构合规,0.90,典型合规天猫促销主图；主体识别 + 卖点 + 促销均强
CT-035,35,APPLICABLE,LOW,45,50,55,38,45,60,30,促销信息过度堆叠；商品主体 + 视觉呼吸被严重挤压,右下角促销堆叠 5 条以上优惠券/赠品/满减字样；¥39.8 价牌遮盖商品,0.88,过度推销风；信息过度堆砌致主体识别弱；移动端更明显
CT-042,42,APPLICABLE,HIGH,88,85,90,90,82,90,80,无明显阻塞；价格区多券密集但不影响主图,模特体型突出 + 左卖点 + 右价格 + 多券堆叠规范,0.90,高合规天猫促销主图；主体 + 卖点 + 促销均到位
CT-043,43,APPLICABLE,MEDIUM,70,68,75,65,70,70,68,促销信息密度较弱（主要价格 + 品牌）,主图偏设计风；促销堆叠较弱,0.78,设计风格主图；促销堆叠中等；适配天猫但不是主流
CT-044,44,NOT_APPLICABLE,,,,,,,,,,"无价格 + 无促销 + 无品牌标；作为天猫平台促销主图适配性低","图片只有模特 + 绿色几何 + NEW ARRIVAL 无价格/折扣/品牌信息",0.85,更像店铺主图/品类页图；不适合天猫平台促销主图评估；按规则 NOT_APPLICABLE
CT-047,47,APPLICABLE,HIGH,83,82,85,82,80,88,75,左卖点堆叠略紧,模特横向并列 + 左卖点 + 右价格 + 折扣明确,0.85,强促销主图；主体识别 + 价格促销均到位
CT-050,50,APPLICABLE,MEDIUM,72,72,70,78,70,78,60,模特虽活泼但小物件主体辨识度依赖缩略图,模特居中 + 右卖点堆叠 + 右价格 + 底部满减,0.78,小物合规促销主图；价格 + 促销强但小物主体靠模特颜值
