asset_id,source_number,assessability,fit_level,fit_score,product_subject_prominence,selling_point_clarity,promotion_hierarchy,mobile_readability,click_motivation,placement_fit,screening_role,primary_gap,label_status
CT-005,05,APPLICABLE,MEDIUM,86,92,75,88,82,88,90,HIGH_CEILING_CANDIDATE,童装功能与材质卖点证据有限,PROVISIONAL_SCREEN
CT-017,17,APPLICABLE,MEDIUM,85,88,82,85,82,84,87,HIGH_CEILING_CANDIDATE,卖点标签较通用且差异化不足,PROVISIONAL_SCREEN
CT-019,19,APPLICABLE,MEDIUM,87,92,88,83,80,88,88,HIGH_CEILING_CANDIDATE,底部多档件数折扣与满减规则较密,PROVISIONAL_SCREEN
CT-022,22,APPLICABLE,MEDIUM,87,90,85,88,84,86,90,HIGH_CEILING_CANDIDATE,左侧功能与底部满减形成多个阅读入口,PROVISIONAL_SCREEN
CT-033,33,APPLICABLE,MEDIUM,84,88,70,88,86,82,88,HIGH_CEILING_CANDIDATE,商品功能与材质卖点不足,PROVISIONAL_SCREEN
CT-037,37,APPLICABLE,MEDIUM,86,88,87,85,82,85,88,HIGH_CEILING_CANDIDATE,多档满减和件数折扣增加信息密度,PROVISIONAL_SCREEN
CT-045,45,APPLICABLE,MEDIUM,82,88,82,75,84,80,84,HIGH_CEILING_CANDIDATE,促销利益点较弱且缺少清晰优惠主次,PROVISIONAL_SCREEN
CT-052,52,APPLICABLE,MEDIUM,83,86,70,90,84,85,86,HIGH_CEILING_CANDIDATE,商品功能卖点弱且两张优惠券分散注意力,PROVISIONAL_SCREEN
CT-053,53,APPLICABLE,MEDIUM,86,90,78,88,84,88,90,HIGH_CEILING_CANDIDATE,右侧赠品与活动细字在移动端偏小,PROVISIONAL_SCREEN
CT-039,39,APPLICABLE,MEDIUM,72,88,55,68,78,68,70,LOW_BOUNDARY_CANDIDATE,卖点与促销动机较弱且利益点缺少主次,PROVISIONAL_SCREEN
CT-046,46,APPLICABLE,MEDIUM,77,88,72,70,76,78,75,LOW_BOUNDARY_CANDIDATE,商业卖点和优惠结构较弱,PROVISIONAL_SCREEN
CT-048,48,NOT_APPLICABLE,,,,,,,,CROSS_CHANNEL_CANDIDATE,更像户外内容或直播预告而非标准平台促销主图,PROVISIONAL_SCREEN
CT-049,49,NOT_APPLICABLE,,,,,,,,CROSS_CHANNEL_CANDIDATE,更像时尚穿搭主题海报且缺少价格促销路径,PROVISIONAL_SCREEN
CT-051,51,APPLICABLE,MEDIUM,84,90,82,85,80,80,85,LOW_BOUNDARY_CANDIDATE,商品平铺缺少人物场景且点击动机有限,PROVISIONAL_SCREEN
